0.018001,8.262761,1192,1879,1340,2043,2454,2287,1971,2560,3044,1166,3182,2838,1605,2767,,0.320151,0.206349,0.244415,0.356822,0.169738,0.744048,0.212299,0.386667,0.818965,0.180556,0.594904,0.699799,0.306402,0.656309
0.018012,8.280773,1192,1879,1340,2043,2454,2287,1971,2560,3044,1166,3182,2838,1605,2767,,0.320151,0.206349,0.244415,0.356822,0.169738,0.744048,0.212299,0.386667,0.818965,0.180556,0.594904,0.699799,0.306402,0.656309
0.017991,8.298764,1193,1881,1323,2051,2489,2295,2006,2584,3032,1175,3182,2840,1614,2783,,0.322034,0.211640,0.222076,0.368816,0.203686,0.750850,0.263543,0.406667,0.784483,0.196181,0.594904,0.701807,0.320122,0.671375
0.018002,8.316766,1193,1881,1318,2055,2498,2301,2029,2607,3021,1180,3185,2847,1629,2799,,0.322034,0.211640,0.215506,0.374813,0.212415,0.755952,0.297218,0.425833,0.752874,0.204861,0.598726,0.708835,0.342988,0.686441
0.018001,8.334767,1194,1881,1312,2062,2510,2309,2060,2644,3015,1186,3194,2858,1656,2817,,0.323917,0.211640,0.207622,0.385307,0.224054,0.762755,0.342606,0.456667,0.735632,0.215278,0.610191,0.719880,0.384146,0.703390
0.018008,8.352775,1198,1879,1306,2077,2526,2321,2089,2686,3012,1196,3202,2871,1677,2832,,0.331450,0.206349,0.199737,0.407796,0.239573,0.772959,0.385066,0.491667,0.727012,0.232639,0.620382,0.732932,0.416159,0.717514
0.018004,8.370779,1200,1876,1291,2105,2558,2333,2123,2780,3016,1205,3228,2897,1695,2851,,0.335217,0.198413,0.180026,0.449775,0.270611,0.783163,0.434846,0.570000,0.738506,0.248264,0.653503,0.759036,0.443598,0.735405
0.017998,8.388776,1201,1873,1281,2118,2588,2341,2133,2827,3017,1211,3244,2903,1699,2856,,0.337100,0.190476,0.166886,0.469265,0.299709,0.789966,0.449488,0.609167,0.741379,0.258681,0.673885,0.765060,0.449695,0.740113
0.018003,8.406780,1205,1873,1273,2140,2635,2345,2147,2875,3019,1222,3260,2913,1701,2858,,0.344633,0.190476,0.156373,0.502249,0.345296,0.793367,0.469985,0.649167,0.747126,0.277778,0.694268,0.775100,0.452744,0.741996
0.017972,8.424752,1210,1873,1264,2167,2678,2348,2162,2913,3019,1232,3273,2924,1701,2859,,0.354049,0.190476,0.144547,0.542729,0.387003,0.795918,0.491947,0.680833,0.747126,0.295139,0.710828,0.786145,0.452744,0.742938
0.018024,8.442776,1218,1874,1252,2194,2711,2351,2173,2938,3020,1241,3282,2933,1698,2860,,0.369115,0.193122,0.128778,0.583208,0.419011,0.798469,0.508053,0.701667,0.750000,0.310764,0.722293,0.795181,0.448171,0.743879
0.018013,8.460789,1227,1875,1241,2215,2741,2353,2176,2960,3020,1250,3291,2940,1695,2861,,0.386064,0.195767,0.114323,0.614693,0.448109,0.800170,0.512445,0.720000,0.750000,0.326389,0.733758,0.802209,0.443598,0.744821
0.017962,8.478751,1243,1873,1222,2245,2796,2358,2180,3002,3021,1270,3307,2951,1692,2865,,0.416196,0.190476,0.089356,0.659670,0.501455,0.804422,0.518302,0.755000,0.752874,0.361111,0.754140,0.813253,0.439024,0.748588
0.018022,8.496773,1247,1872,1218,2260,2828,2360,2184,3024,3021,1281,3315,2955,1690,2870,,0.423729,0.187831,0.084100,0.682159,0.532493,0.806122,0.524158,0.773333,0.752874,0.380208,0.764331,0.817269,0.435976,0.753296
0.018007,8.514781,1246,1872,1216,2270,2857,2362,2190,3042,3022,1289,3319,2957,1690,2875,,0.421846,0.187831,0.081472,0.697151,0.560621,0.807823,0.532943,0.788333,0.755747,0.394097,0.769427,0.819277,0.435976,0.758004
0.018004,8.532785,1246,1872,1216,2270,2857,2362,2190,3042,3022,1289,3319,2957,1690,2875,,0.421846,0.187831,0.081472,0.697151,0.560621,0.807823,0.532943,0.788333,0.755747,0.394097,0.769427,0.819277,0.435976,0.758004
0.017996,8.550781,1245,1870,1214,2284,2912,2366,2204,3078,3023,1303,3328,2961,1688,2892,,0.419962,0.182540,0.078844,0.718141,0.613967,0.811224,0.553441,0.818333,0.758621,0.418403,0.780892,0.823293,0.432927,0.774011
0.018000,8.568781,1244,1869,1213,2291,2941,2368,2210,3097,3024,1311,3333,2963,1689,2903,,0.418079,0.179894,0.077530,0.728636,0.642095,0.812925,0.562225,0.834167,0.761494,0.432292,0.787261,0.825301,0.434451,0.784369
0.017998,8.586778,1243,1869,1215,2298,2973,2370,2213,3116,3025,1320,3337,2963,1689,2914,,0.416196,0.179894,0.080158,0.739130,0.673133,0.814626,0.566618,0.850000,0.764368,0.447917,0.792357,0.825301,0.434451,0.794727
0.018000,8.604778,1245,1869,1218,2312,3037,2373,2219,3157,3027,1340,3346,2965,1689,2938,,0.419962,0.179894,0.084100,0.760120,0.735209,0.817177,0.575403,0.884167,0.770115,0.482639,0.803822,0.827309,0.434451,0.817326
0.017991,8.622769,1244,1867,1222,2319,3061,2375,2220,3175,3029,1347,3350,2966,1688,2947,,0.418079,0.174603,0.089356,0.770615,0.758487,0.818878,0.576867,0.899167,0.775862,0.494792,0.808917,0.828313,0.432927,0.825800
0.018009,8.640778,1244,1866,1228,2326,3077,2375,2222,3190,3029,1356,3353,2967,1688,2955,,0.418079,0.171958,0.097240,0.781109,0.774006,0.818878,0.579795,0.911667,0.775862,0.510417,0.812739,0.829317,0.432927,0.833333
0.017997,8.658775,1247,1866,1231,2335,3094,2376,2228,3203,3029,1364,3357,2969,1687,2962,,0.423729,0.171958,0.101183,0.794603,0.790495,0.819728,0.588580,0.922500,0.775862,0.524306,0.817834,0.831325,0.431402,0.839925
0.018010,8.676785,1250,1865,1231,2343,3108,2377,2233,3212,3030,1374,3359,2970,1688,2970,,0.429379,0.169312,0.101183,0.806597,0.804074,0.820578,0.595900,0.930000,0.778736,0.541667,0.820382,0.832329,0.432927,0.847458
0.017997,8.694782,1255,1866,1225,2353,3122,2379,2240,3223,3031,1383,3363,2972,1688,2975,,0.438795,0.171958,0.093298,0.821589,0.817653,0.822279,0.606149,0.939167,0.781609,0.557292,0.825478,0.834337,0.432927,0.852166
0.018012,8.712794,1265,1868,1215,2368,3137,2381,2250,3238,3031,1394,3366,2974,1689,2982,,0.457627,0.177249,0.080158,0.844078,0.832202,0.823980,0.620791,0.951667,0.781609,0.576389,0.829299,0.836345,0.434451,0.858757
0.017968,8.730762,1265,1868,1215,2368,3137,2381,2250,3238,3031,1394,3366,2974,1689,2982,,0.457627,0.177249,0.080158,0.844078,0.832202,0.823980,0.620791,0.951667,0.781609,0.576389,0.829299,0.836345,0.434451,0.858757
0.018027,8.748789,1279,1871,1201,2378,3146,2381,2256,3246,3031,1402,3368,2976,1690,2986,,0.483992,0.185185,0.061761,0.859070,0.840931,0.823980,0.629575,0.958333,0.781609,0.590278,0.831847,0.838353,0.435976,0.862524
0.018015,8.766804,1285,1873,1195,2383,3149,2382,2260,3251,3031,1405,3369,2976,1689,2988,,0.495292,0.190476,0.053876,0.866567,0.843841,0.824830,0.635432,0.962500,0.781609,0.595486,0.833121,0.838353,0.434451,0.864407
0.017997,8.784801,1292,1875,1190,2386,3150,2382,2263,3253,3031,1406,3370,2977,1690,2989,,0.508475,0.195767,0.047306,0.871064,0.844811,0.824830,0.639824,0.964167,0.781609,0.597222,0.834395,0.839357,0.435976,0.865348
0.017993,8.802794,1298,1878,1184,2390,3151,2382,2263,3254,3031,1406,3370,2978,1690,2990,,0.519774,0.203704,0.039422,0.877061,0.845781,0.824830,0.639824,0.965000,0.781609,0.597222,0.834395,0.840361,0.435976,0.866290
0.017995,8.820789,1301,1880,1181,2392,3151,2382,2261,3255,3031,1406,3369,2978,1691,2991,,0.525424,0.208995,0.035480,0.880060,0.845781,0.824830,0.636896,0.965833,0.781609,0.597222,0.833121,0.840361,0.437500,0.867232
0.018019,8.838808,1307,1882,1177,2395,3154,2382,2263,3258,3031,1406,3370,2978,1692,2992,,0.536723,0.214286,0.030223,0.884558,0.848691,0.824830,0.639824,0.968333,0.781609,0.597222,0.834395,0.840361,0.439024,0.868173
0.017993,8.856802,1321,1890,1170,2401,3159,2383,2267,3261,3030,1405,3370,2977,1691,2993,,0.563089,0.235450,0.021025,0.893553,0.853540,0.825680,0.645681,0.970833,0.778736,0.595486,0.834395,0.839357,0.437500,0.869115
0.017996,8.874797,1324,1891,1166,2402,3161,2383,2269,3262,3031,1406,3370,2978,1692,2994,,0.568738,0.238095,0.015769,0.895052,0.855480,0.825680,0.648609,0.971667,0.781609,0.597222,0.834395,0.840361,0.439024,0.870057
0.018000,8.892798,1329,1894,1166,2405,3163,2384,2272,3265,3030,1407,3370,2978,1693,2995,,0.578154,0.246032,0.015769,0.899550,0.857420,0.826531,0.653001,0.974167,0.778736,0.598958,0.834395,0.840361,0.440549,0.870998
0.018000,8.910797,1332,1897,1164,2407,3167,2383,2275,3269,3030,1408,3371,2979,1693,2995,,0.583804,0.253968,0.013141,0.902549,0.861300,0.825680,0.657394,0.977500,0.778736,0.600694,0.835669,0.841365,0.440549,0.870998
0.018009,8.928806,1336,1901,1163,2409,3170,2382,2279,3271,3031,1411,3373,2979,1693,2997,,0.591337,0.264550,0.011827,0.905547,0.864210,0.824830,0.663250,0.979167,0.781609,0.605903,0.838217,0.841365,0.440549,0.872881
0.017992,8.946798,1340,1906,1164,2413,3175,2382,2283,3275,3031,1413,3372,2979,1693,2999,,0.598870,0.277778,0.013141,0.911544,0.869059,0.824830,0.669107,0.982500,0.781609,0.609375,0.836943,0.841365,0.440549,0.874765
0.018018,8.964817,1343,1911,1165,2417,3179,2382,2287,3278,3031,1417,3373,2980,1694,2999,,0.604520,0.291005,0.014455,0.917541,0.872939,0.824830,0.674963,0.985000,0.781609,0.616319,0.838217,0.842369,0.442073,0.874765
0.017995,8.982812,1346,1919,1168,2424,3185,2380,2294,3281,3031,1420,3373,2980,1694,2999,,0.610169,0.312169,0.018397,0.928036,0.878758,0.823129,0.685212,0.987500,0.781609,0.621528,0.838217,0.842369,0.442073,0.874765
0.017998,9.000810,1345,1921,1170,2426,3186,2379,2296,3282,3031,1421,3371,2980,1695,3000,,0.608286,0.317460,0.021025,0.931035,0.879728,0.822279,0.688141,0.988333,0.781609,0.623264,0.835669,0.842369,0.443598,0.875706
0.018001,9.018811,1342,1923,1172,2427,3187,2378,2298,3283,3031,1423,3371,2980,1695,3000,,0.602637,0.322751,0.023653,0.932534,0.880698,0.821429,0.691069,0.989167,0.781609,0.626736,0.835669,0.842369,0.443598,0.875706
0.018004,9.036815,1341,1925,1174,2429,3189,2377,2300,3284,3031,1426,3372,2982,1696,3000,,0.600753,0.328042,0.026281,0.935532,0.882638,0.820578,0.693997,0.990000,0.781609,0.631944,0.836943,0.844378,0.445122,0.875706
0.017998,9.054812,1337,1926,1177,2431,3191,2375,2303,3285,3030,1429,3371,2983,1696,3000,,0.593220,0.330688,0.030223,0.938531,0.884578,0.818878,0.698389,0.990833,0.778736,0.637153,0.835669,0.845381,0.445122,0.875706
0.017995,9.072807,1337,1926,1177,2431,3191,2375,2303,3285,3030,1429,3371,2983,1696,3000,,0.593220,0.330688,0.030223,0.938531,0.884578,0.818878,0.698389,0.990833,0.778736,0.637153,0.835669,0.845381,0.445122,0.875706
0.017997,9.090804,1334,1927,1180,2432,3195,2376,2309,3286,3031,1433,3372,2983,1698,3002,,0.587571,0.333333,0.034166,0.940030,0.888458,0.819728,0.707174,0.991667,0.781609,0.644097,0.836943,0.845381,0.448171,0.877589
0.018007,9.108811,1333,1928,1180,2433,3198,2375,2311,3288,3031,1437,3372,2985,1699,3003,,0.585687,0.335979,0.034166,0.941529,0.891368,0.818878,0.710102,0.993333,0.781609,0.651042,0.836943,0.847390,0.449695,0.878531
0.018008,9.126819,1333,1928,1181,2434,3200,2376,2312,3289,3031,1439,3372,2985,1698,3004,,0.585687,0.335979,0.035480,0.943029,0.893307,0.819728,0.711567,0.994167,0.781609,0.654514,0.836943,0.847390,0.448171,0.879473
0.018001,9.144820,1333,1928,1181,2434,3200,2376,2312,3289,3031,1439,3372,2985,1698,3004,,0.585687,0.335979,0.035480,0.943029,0.893307,0.819728,0.711567,0.994167,0.781609,0.654514,0.836943,0.847390,0.448171,0.879473
0.017992,9.162811,1331,1926,1182,2434,3204,2375,2320,3290,3030,1448,3371,2988,1700,3007,,0.581921,0.330688,0.036794,0.943029,0.897187,0.818878,0.723280,0.995000,0.778736,0.670139,0.835669,0.850402,0.451219,0.882298
0.017998,9.180809,1331,1926,1182,2434,3204,2375,2320,3290,3030,1448,3371,2988,1700,3007,,0.581921,0.330688,0.036794,0.943029,0.897187,0.818878,0.723280,0.995000,0.778736,0.670139,0.835669,0.850402,0.451219,0.882298
0.018010,9.198819,1327,1915,1181,2434,3196,2377,2323,3289,3029,1455,3372,2988,1701,3010,,0.574388,0.301587,0.035480,0.943029,0.889428,0.820578,0.727672,0.994167,0.775862,0.682292,0.836943,0.850402,0.452744,0.885122
0.018004,9.216823,1321,1904,1177,2433,3192,2377,2325,3289,3030,1458,3373,2990,1702,3009,,0.563089,0.272487,0.030223,0.941529,0.885548,0.820578,0.730600,0.994167,0.778736,0.687500,0.838217,0.852410,0.454268,0.884181
0.018006,9.234830,1313,1891,1172,2432,3190,2377,2326,3289,3030,1458,3374,2990,1703,3010,,0.548023,0.238095,0.023653,0.940030,0.883608,0.820578,0.732064,0.994167,0.778736,0.687500,0.839490,0.852410,0.455793,0.885122
0.017996,9.252825,1305,1880,1164,2429,3189,2376,2324,3288,3029,1456,3374,2990,1703,3010,,0.532957,0.208995,0.013141,0.935532,0.882638,0.819728,0.729136,0.993333,0.775862,0.684028,0.839490,0.852410,0.455793,0.885122
0.017998,9.270823,1293,1878,1157,2426,3188,2375,2322,3288,3029,1453,3374,2990,1703,3008,,0.510358,0.203704,0.003942,0.931035,0.881668,0.818878,0.726208,0.993333,0.775862,0.678819,0.839490,0.852410,0.455793,0.883239
0.018005,9.288828,1283,1879,1152,2421,3186,2374,2316,3287,3028,1446,3374,2990,1703,3006,,0.491525,0.206349,0.000000,0.923538,0.879728,0.818027,0.717423,0.992500,0.772988,0.666667,0.839490,0.852410,0.455793,0.881356
0.018030,9.306858,1271,1877,1149,2417,3184,2373,2310,3287,3028,1439,3374,2990,1702,3006,,0.468927,0.201058,0.000000,0.917541,0.877789,0.817177,0.708638,0.992500,0.772988,0.654514,0.839490,0.852410,0.454268,0.881356
0.017944,9.324802,1246,1877,1148,2411,3180,2372,2302,3286,3027,1431,3374,2991,1702,3004,,0.421846,0.201058,0.001302,0.908546,0.873909,0.816327,0.696925,0.991667,0.770115,0.640625,0.839490,0.853414,0.454268,0.879473
0.018022,9.342824,1233,1875,1149,2409,3179,2371,2297,3286,3026,1425,3374,2990,1701,3003,,0.397363,0.195767,0.002604,0.905547,0.872939,0.815476,0.689605,0.991667,0.767241,0.630208,0.839490,0.852410,0.452744,0.878531
0.017973,9.360798,1223,1875,1150,2406,3178,2371,2290,3286,3026,1421,3374,2989,1701,3004,,0.378531,0.195767,0.003906,0.901049,0.871969,0.815476,0.679356,0.991667,0.767241,0.623264,0.839490,0.851406,0.452744,0.879473
0.018027,9.378825,1226,1875,1151,2406,3179,2371,2286,3286,3026,1418,3374,2990,1700,3004,,0.384181,0.195767,0.005208,0.901049,0.872939,0.815476,0.673499,0.991667,0.767241,0.618056,0.839490,0.852410,0.451219,0.879473
0.018000,9.396824,1238,1879,1153,2406,3183,2370,2279,3286,3026,1414,3374,2989,1698,3005,,0.406780,0.206349,0.007813,0.901049,0.876819,0.814626,0.663250,0.991667,0.767241,0.611111,0.839490,0.851406,0.448171,0.880414
0.018009,9.414834,1248,1883,1155,2407,3186,2369,2278,3287,3025,1416,3373,2989,1699,3006,,0.425612,0.216931,0.010417,0.902549,0.879728,0.813776,0.661786,0.992500,0.764368,0.614583,0.838217,0.851406,0.449695,0.881356
0.018031,9.432865,1263,1886,1159,2410,3191,2368,2280,3288,3026,1418,3373,2989,1699,3006,,0.453861,0.224868,0.015625,0.907046,0.884578,0.812925,0.664715,0.993333,0.767241,0.618056,0.838217,0.851406,0.449695,0.881356
0.017960,9.450825,1263,1886,1159,2410,3191,2368,2280,3288,3026,1418,3373,2989,1699,3006,,0.453861,0.224868,0.015625,0.907046,0.884578,0.812925,0.664715,0.993333,0.767241,0.618056,0.838217,0.851406,0.449695,0.881356
0.017989,9.468814,1302,1906,1168,2419,3203,2366,2288,3290,3025,1425,3373,2989,1700,3007,,0.527307,0.277778,0.027344,0.920540,0.896217,0.811224,0.676428,0.995000,0.764368,0.630208,0.838217,0.851406,0.451219,0.882298
0.018015,9.486829,1312,1915,1174,2421,3206,2364,2291,3291,3025,1428,3373,2990,1702,3007,,0.546139,0.301587,0.035156,0.923538,0.899127,0.809524,0.680820,0.995833,0.764368,0.635417,0.838217,0.852410,0.454268,0.882298
0.018000,9.504829,1321,1924,1180,2426,3211,2363,2297,3291,3025,1433,3373,2990,1702,3008,,0.563089,0.325397,0.042969,0.931035,0.903977,0.808673,0.689605,0.995833,0.764368,0.644097,0.838217,0.852410,0.454268,0.883239
0.018016,9.522846,1321,1924,1180,2426,3211,2363,2297,3291,3025,1433,3373,2990,1702,3008,,0.563089,0.325397,0.042969,0.931035,0.903977,0.808673,0.689605,0.995833,0.764368,0.644097,0.838217,0.852410,0.454268,0.883239
0.017983,9.540828,1320,1930,1184,2428,3215,2361,2298,3292,3025,1435,3372,2989,1702,3008,,0.561205,0.341270,0.048177,0.934033,0.907856,0.806973,0.691069,0.996667,0.764368,0.647569,0.836943,0.851406,0.454268,0.883239
0.017980,9.558809,1320,1930,1184,2428,3215,2361,2298,3292,3025,1435,3372,2989,1702,3008,,0.561205,0.341270,0.048177,0.934033,0.907856,0.806973,0.691069,0.996667,0.764368,0.647569,0.836943,0.851406,0.454268,0.883239
0.018034,9.576842,1319,1933,1187,2431,3222,2360,2303,3292,3025,1440,3372,2990,1704,3008,,0.559322,0.349206,0.052083,0.938531,0.914646,0.806122,0.698389,0.996667,0.764368,0.656250,0.836943,0.852410,0.457317,0.883239
0.018000,9.594843,1318,1934,1189,2432,3226,2358,2307,3292,3025,1443,3372,2991,1706,3007,,0.557439,0.351852,0.054688,0.940030,0.918526,0.804422,0.704246,0.996667,0.764368,0.661458,0.836943,0.853414,0.460366,0.882298
0.017991,9.612834,1315,1934,1190,2435,3230,2358,2310,3291,3025,1446,3372,2991,1708,3005,,0.551789,0.351852,0.055990,0.944528,0.922405,0.804422,0.708638,0.995833,0.764368,0.666667,0.836943,0.853414,0.463415,0.880414
0.018009,9.630843,1312,1933,1191,2436,3234,2357,2312,3290,3024,1446,3371,2991,1709,3005,,0.546139,0.349206,0.057292,0.946027,0.926285,0.803571,0.711567,0.995000,0.761494,0.666667,0.835669,0.853414,0.464939,0.880414
0.017967,9.648810,1303,1931,1192,2438,3245,2356,2317,3288,3024,1451,3370,2992,1711,3004,,0.529190,0.343915,0.058594,0.949026,0.936954,0.802721,0.718887,0.993333,0.761494,0.675347,0.834395,0.854418,0.467988,0.879473
0.018029,9.666839,1301,1931,1194,2440,3251,2355,2321,3287,3024,1453,3371,2991,1712,3003,,0.525424,0.343915,0.061198,0.952024,0.942774,0.801871,0.724744,0.992500,0.761494,0.678819,0.835669,0.853414,0.469512,0.878531
0.018015,9.684854,1300,1929,1194,2441,3252,2356,2323,3285,3024,1455,3370,2991,1712,3002,,0.523540,0.338624,0.061198,0.953523,0.943744,0.802721,0.727672,0.990833,0.761494,0.682292,0.834395,0.853414,0.469512,0.877589
0.017987,9.702841,1297,1927,1194,2442,3253,2355,2323,3285,3024,1455,3370,2991,1713,3003,,0.517891,0.333333,0.061198,0.955023,0.944714,0.801871,0.727672,0.990833,0.761494,0.682292,0.834395,0.853414,0.471037,0.878531
0.018009,9.720850,1297,1926,1193,2442,3255,2355,2325,3285,3024,1455,3369,2991,1712,3002,,0.517891,0.330688,0.059896,0.955023,0.946654,0.801871,0.730600,0.990833,0.761494,0.682292,0.833121,0.853414,0.469512,0.877589
0.017991,9.738841,1295,1926,1193,2442,3255,2355,2325,3284,3024,1455,3370,2992,1713,3001,,0.514124,0.330688,0.059896,0.955023,0.946654,0.801871,0.730600,0.990000,0.761494,0.682292,0.834395,0.854418,0.471037,0.876648
0.017977,9.756818,1296,1926,1194,2443,3257,2354,2325,3285,3024,1455,3370,2991,1713,3001,,0.516008,0.330688,0.061198,0.956522,0.948594,0.801020,0.730600,0.990833,0.761494,0.682292,0.834395,0.853414,0.471037,0.876648
0.018000,9.774818,1296,1926,1193,2445,3257,2354,2325,3285,3024,1455,3369,2992,1713,3001,,0.516008,0.330688,0.059896,0.959520,0.948594,0.801020,0.730600,0.990833,0.761494,0.682292,0.833121,0.854418,0.471037,0.876648
0.018032,9.792850,1296,1926,1193,2444,3259,2354,2325,3284,3024,1453,3370,2991,1713,3000,,0.516008,0.330688,0.059896,0.958021,0.950533,0.801020,0.730600,0.990000,0.761494,0.678819,0.834395,0.853414,0.471037,0.875706
0.017973,9.810823,1294,1925,1191,2446,3264,2354,2324,3282,3023,1453,3369,2991,1713,2999,,0.512241,0.328042,0.057292,0.961020,0.955383,0.801020,0.729136,0.988333,0.758621,0.678819,0.833121,0.853414,0.471037,0.874765
0.018026,9.828848,1294,1925,1189,2443,3264,2354,2323,3280,3023,1452,3368,2991,1712,2999,,0.512241,0.328042,0.054688,0.956522,0.955383,0.801020,0.727672,0.986667,0.758621,0.677083,0.831847,0.853414,0.469512,0.874765
0.018007,9.846855,1292,1923,1187,2442,3262,2354,2322,3280,3023,1452,3369,2992,1713,2998,,0.508475,0.322751,0.052083,0.955023,0.953443,0.801020,0.726208,0.986667,0.758621,0.677083,0.833121,0.854418,0.471037,0.873823
0.018008,9.864864,1293,1921,1187,2441,3257,2356,2321,3279,3024,1451,3368,2992,1713,2998,,0.510358,0.317460,0.052083,0.953523,0.948594,0.802721,0.724744,0.985833,0.761494,0.675347,0.831847,0.854418,0.471037,0.873823
0.017997,9.882861,1295,1906,1183,2432,3233,2360,2317,3275,3024,1443,3367,2991,1712,2997,,0.514124,0.277778,0.046875,0.940030,0.925315,0.806122,0.718887,0.982500,0.761494,0.661458,0.830573,0.853414,0.469512,0.872881
0.017987,9.900847,1296,1900,1182,2429,3216,2361,2314,3274,3024,1440,3367,2991,1711,2995,,0.516008,0.261905,0.045573,0.935532,0.908826,0.806973,0.714495,0.981667,0.761494,0.656250,0.830573,0.853414,0.467988,0.870998
0.018004,9.918851,1297,1896,1181,2426,3212,2362,2313,3272,3024,1439,3366,2990,1712,2995,,0.517891,0.251323,0.044271,0.931035,0.904947,0.807823,0.713031,0.980000,0.761494,0.654514,0.829299,0.852410,0.469512,0.870998
0.018008,9.936860,1297,1893,1181,2424,3211,2362,2311,3272,3023,1436,3367,2990,1711,2994,,0.517891,0.243386,0.044271,0.928036,0.903977,0.807823,0.710102,0.980000,0.758621,0.649306,0.830573,0.852410,0.467988,0.870057
0.018008,9.954868,1295,1889,1181,2423,3209,2361,2309,3272,3023,1434,3366,2990,1710,2993,,0.514124,0.232804,0.044271,0.926537,0.902037,0.806973,0.707174,0.980000,0.758621,0.645833,0.829299,0.852410,0.466463,0.869115
0.017986,9.972854,1292,1884,1182,2421,3207,2362,2306,3272,3023,1433,3366,2989,1709,2995,,0.508475,0.219577,0.045573,0.923538,0.900097,0.807823,0.702782,0.980000,0.758621,0.644097,0.829299,0.851406,0.464939,0.870998
0.017973,9.990827,1281,1879,1188,2418,3204,2361,2300,3271,3023,1430,3366,2988,1707,2995,,0.487759,0.206349,0.053385,0.919041,0.897187,0.806973,0.693997,0.979167,0.758621,0.638889,0.829299,0.850402,0.461890,0.870998
0.018026,10.008854,1281,1879,1188,2418,3204,2361,2300,3271,3023,1430,3366,2988,1707,2995,,0.487759,0.206349,0.053385,0.919041,0.897187,0.806973,0.693997,0.979167,0.758621,0.638889,0.829299,0.850402,0.461890,0.870998
0.018018,10.026872,1277,1879,1190,2418,3203,2362,2299,3270,3024,1430,3365,2988,1706,2995,,0.480226,0.206349,0.055990,0.919041,0.896217,0.807823,0.692533,0.978333,0.761494,0.638889,0.828025,0.850402,0.460366,0.870998
0.017964,10.044836,1273,1878,1193,2419,3201,2361,2295,3270,3024,1429,3366,2988,1704,2997,,0.472693,0.203704,0.059896,0.920540,0.894277,0.806973,0.686676,0.978333,0.761494,0.637153,0.829299,0.850402,0.457317,0.872881
0.018008,10.062844,1273,1879,1195,2419,3201,2362,2294,3270,3023,1428,3366,2988,1704,2997,,0.472693,0.206349,0.062500,0.920540,0.894277,0.807823,0.685212,0.978333,0.758621,0.635417,0.829299,0.850402,0.457317,0.872881
0.018032,10.080876,1273,1879,1195,2419,3201,2362,2294,3270,3023,1428,3366,2988,1704,2997,,0.472693,0.206349,0.062500,0.920540,0.894277,0.807823,0.685212,0.978333,0.758621,0.635417,0.829299,0.850402,0.457317,0.872881
0.017958,10.098834,1269,1880,1206,2419,3207,2364,2289,3269,3024,1428,3366,2986,1703,2998,,0.465160,0.208995,0.076823,0.920540,0.900097,0.809524,0.677892,0.977500,0.761494,0.635417,0.829299,0.848394,0.455793,0.873823
0.018027,10.116861,1269,1879,1213,2419,3213,2365,2287,3269,3024,1427,3366,2987,1702,2999,,0.465160,0.206349,0.085938,0.920540,0.905917,0.810374,0.674963,0.977500,0.761494,0.633681,0.829299,0.849398,0.454268,0.874765
0.018002,10.134863,1272,1879,1215,2422,3221,2366,2285,3270,3023,1428,3366,2987,1701,3000,,0.470810,0.206349,0.088542,0.925038,0.913676,0.811224,0.672035,0.978333,0.758621,0.635417,0.829299,0.849398,0.452744,0.875706
0.018001,10.152864,1277,1879,1219,2425,3241,2368,2283,3272,3024,1427,3367,2987,1701,3001,,0.480226,0.206349,0.093750,0.929535,0.933075,0.812925,0.669107,0.980000,0.761494,0.633681,0.830573,0.849398,0.452744,0.876648
0.018017,10.170881,1280,1881,1219,2429,3255,2368,2285,3273,3024,1427,3366,2986,1700,3002,,0.485876,0.211640,0.093750,0.935532,0.946654,0.812925,0.672035,0.980833,0.761494,0.633681,0.829299,0.848394,0.451219,0.877589
0.017984,10.188866,1285,1883,1220,2433,3267,2368,2287,3275,3024,1428,3365,2985,1699,3002,,0.495292,0.216931,0.095052,0.941529,0.958293,0.812925,0.674963,0.982500,0.761494,0.635417,0.828025,0.847390,0.449695,0.877589
0.018024,10.206890,1287,1887,1220,2436,3276,2369,2288,3276,3024,1430,3368,2986,1700,3003,,0.499058,0.227513,0.095052,0.946027,0.967022,0.813776,0.676428,0.983333,0.761494,0.638889,0.831847,0.848394,0.451219,0.878531
0.017955,10.224844,1289,1889,1221,2438,3284,2369,2290,3276,3024,1430,3366,2986,1700,3004,,0.502825,0.232804,0.096354,0.949026,0.974782,0.813776,0.679356,0.983333,0.761494,0.638889,0.829299,0.848394,0.451219,0.879473
0.018024,10.242869,1290,1892,1223,2439,3291,2369,2291,3278,3025,1432,3367,2986,1700,3004,,0.504708,0.240741,0.098958,0.950525,0.981571,0.813776,0.680820,0.985000,0.764368,0.642361,0.830573,0.848394,0.451219,0.879473
0.018001,10.260869,1291,1896,1226,2443,3306,2369,2293,3278,3024,1433,3367,2986,1702,3005,,0.506591,0.251323,0.102865,0.956522,0.996120,0.813776,0.683748,0.985000,0.761494,0.644097,0.830573,0.848394,0.454268,0.880414
0.017999,10.278868,1291,1899,1227,2444,3312,2369,2293,3279,3025,1434,3368,2985,1701,3005,,0.506591,0.259259,0.104167,0.958021,1.000000,0.813776,0.683748,0.985833,0.764368,0.645833,0.831847,0.847390,0.452744,0.880414
0.018007,10.296876,1291,1900,1226,2444,3315,2368,2294,3279,3024,1434,3368,2986,1702,3005,,0.506591,0.261905,0.102865,0.958021,1.000000,0.812925,0.685212,0.985833,0.761494,0.645833,0.831847,0.848394,0.454268,0.880414
0.017983,10.314859,1291,1900,1226,2444,3315,2368,2294,3279,3024,1434,3368,2986,1702,3005,,0.506591,0.261905,0.102865,0.958021,1.000000,0.812925,0.685212,0.985833,0.761494,0.645833,0.831847,0.848394,0.454268,0.880414
0.017986,10.332845,1291,1904,1226,2447,3322,2368,2297,3279,3025,1437,3367,2986,1702,3005,,0.506591,0.272487,0.102865,0.962519,1.000000,0.812925,0.689605,0.985833,0.764368,0.651042,0.830573,0.848394,0.454268,0.880414
0.018032,10.350877,1290,1905,1225,2447,3326,2368,2296,3280,3024,1436,3368,2985,1701,3005,,0.504708,0.275132,0.101563,0.962519,1.000000,0.812925,0.688141,0.986667,0.761494,0.649306,0.831847,0.847390,0.452744,0.880414
0.017994,10.368871,1289,1907,1227,2448,3330,2366,2296,3279,3024,1438,3368,2986,1702,3005,,0.502825,0.280423,0.104167,0.964018,1.000000,0.811224,0.688141,0.985833,0.761494,0.652778,0.831847,0.848394,0.454268,0.880414
0.018001,10.386873,1289,1907,1227,2448,3330,2366,2296,3279,3024,1438,3368,2986,1702,3005,,0.502825,0.280423,0.104167,0.964018,1.000000,0.811224,0.688141,0.985833,0.761494,0.652778,0.831847,0.848394,0.454268,0.880414
0.018010,10.404883,1287,1906,1227,2447,3332,2366,2295,3280,3024,1439,3367,2987,1702,3006,,0.499058,0.277778,0.104167,0.962519,1.000000,0.811224,0.686676,0.986667,0.761494,0.654514,0.830573,0.849398,0.454268,0.881356
0.017999,10.422882,1286,1906,1227,2447,3334,2367,2295,3280,3024,1438,3367,2986,1703,3007,,0.497175,0.277778,0.104167,0.962519,1.000000,0.812075,0.686676,0.986667,0.761494,0.652778,0.830573,0.848394,0.455793,0.882298
0.017993,10.440875,1286,1904,1227,2447,3336,2366,2294,3280,3024,1439,3368,2987,1702,3008,,0.497175,0.272487,0.104167,0.962519,1.000000,0.811224,0.685212,0.986667,0.761494,0.654514,0.831847,0.849398,0.454268,0.883239
0.017990,10.458865,1285,1905,1228,2448,3338,2368,2293,3280,3024,1438,3367,2987,1702,3008,,0.495292,0.275132,0.105469,0.964018,1.000000,0.812925,0.683748,0.986667,0.761494,0.652778,0.830573,0.849398,0.454268,0.883239
0.018021,10.476886,1283,1904,1230,2448,3340,2368,2291,3281,3024,1438,3367,2987,1701,3008,,0.491525,0.272487,0.108073,0.964018,1.000000,0.812925,0.680820,0.987500,0.761494,0.652778,0.830573,0.849398,0.452744,0.883239
0.018024,10.494909,1283,1904,1230,2448,3340,2368,2291,3281,3024,1438,3367,2987,1701,3008,,0.491525,0.272487,0.108073,0.964018,1.000000,0.812925,0.680820,0.987500,0.761494,0.652778,0.830573,0.849398,0.452744,0.883239
0.017977,10.512887,1282,1904,1233,2448,3344,2367,2289,3281,3025,1439,3368,2988,1702,3010,,0.489642,0.272487,0.111979,0.964018,1.000000,0.812075,0.677892,0.987500,0.764368,0.654514,0.831847,0.850402,0.454268,0.885122
0.017973,10.530860,1282,1903,1233,2447,3344,2368,2288,3281,3024,1438,3368,2987,1701,3011,,0.489642,0.269841,0.111979,0.962519,1.000000,0.812925,0.676428,0.987500,0.761494,0.652778,0.831847,0.849398,0.452744,0.886064
0.017977,10.548837,1281,1903,1233,2448,3345,2368,2288,3281,3025,1438,3368,2986,1700,3011,,0.487759,0.269841,0.111979,0.964018,1.000000,0.812925,0.676428,0.987500,0.764368,0.652778,0.831847,0.848394,0.451219,0.886064
0.018046,10.566883,1281,1902,1233,2448,3345,2368,2286,3281,3023,1438,3368,2987,1700,3012,,0.487759,0.267196,0.111979,0.964018,1.000000,0.812925,0.673499,0.987500,0.758621,0.652778,0.831847,0.849398,0.451219,0.887006
0.017999,10.584882,1280,1902,1233,2448,3346,2368,2287,3281,3024,1438,3368,2987,1700,3012,,0.485876,0.267196,0.111979,0.964018,1.000000,0.812925,0.674963,0.987500,0.761494,0.652778,0.831847,0.849398,0.451219,0.887006
0.018011,10.602893,1279,1902,1234,2448,3348,2369,2286,3281,3025,1439,3368,2988,1700,3014,,0.483992,0.267196,0.113281,0.964018,1.000000,0.813776,0.673499,0.987500,0.764368,0.654514,0.831847,0.850402,0.451219,0.888889
0.017999,10.620892,1279,1903,1234,2449,3351,2369,2287,3282,3025,1441,3369,2988,1700,3015,,0.483992,0.269841,0.113281,0.965517,1.000000,0.813776,0.674963,0.988333,0.764368,0.657986,0.833121,0.850402,0.451219,0.889831
0.017996,10.638888,1281,1905,1235,2452,3355,2369,2289,3283,3025,1444,3369,2988,1701,3018,,0.487759,0.275132,0.114583,0.970015,1.000000,0.813776,0.677892,0.989167,0.764368,0.663194,0.833121,0.850402,0.452744,0.892655
0.017984,10.656872,1281,1905,1235,2452,3355,2369,2289,3282,3024,1444,3369,2988,1701,3018,,0.487759,0.275132,0.114583,0.970015,1.000000,0.813776,0.677892,0.988333,0.761494,0.663194,0.833121,0.850402,0.452744,0.892655
0.017995,10.674867,1280,1905,1234,2453,3356,2369,2289,3283,3025,1443,3368,2989,1700,3019,,0.485876,0.275132,0.113281,0.971514,1.000000,0.813776,0.677892,0.989167,0.764368,0.661458,0.831847,0.851406,0.451219,0.893597
0.018031,10.692898,1280,1905,1234,2454,3357,2370,2290,3283,3025,1446,3369,2989,1701,3021,,0.485876,0.275132,0.113281,0.973014,1.000000,0.814626,0.679356,0.989167,0.764368,0.666667,0.833121,0.851406,0.452744,0.895480
0.017991,10.710889,1282,1906,1235,2456,3357,2371,2290,3283,3025,1447,3370,2989,1700,3022,,0.489642,0.277778,0.114583,0.976012,0.999073,0.815476,0.679356,0.989167,0.764368,0.668403,0.834395,0.851406,0.451219,0.896422
0.018001,10.728890,1282,1906,1235,2456,3357,2371,2290,3283,3025,1447,3370,2989,1700,3022,,0.489642,0.277778,0.114583,0.976012,0.999073,0.815476,0.679356,0.989167,0.764368,0.668403,0.834395,0.851406,0.451219,0.896422
0.018000,10.746890,1284,1904,1234,2457,3354,2373,2291,3284,3025,1449,3370,2990,1701,3025,,0.493409,0.272487,0.113281,0.977511,0.996293,0.817177,0.680820,0.990000,0.764368,0.671875,0.834395,0.852410,0.452744,0.899247
0.018011,10.764901,1283,1903,1233,2457,3353,2375,2291,3284,3025,1450,3370,2989,1701,3026,,0.491525,0.269841,0.111979,0.977511,0.995366,0.818878,0.680820,0.990000,0.764368,0.673611,0.834395,0.851406,0.452744,0.900188
0.017994,10.782895,1284,1903,1232,2457,3351,2376,2290,3284,3025,1451,3370,2989,1701,3025,,0.493409,0.269841,0.110677,0.977511,0.993513,0.819728,0.679356,0.990000,0.764368,0.675347,0.834395,0.851406,0.452744,0.899247
0.018008,10.800903,1283,1901,1230,2456,3350,2378,2290,3285,3025,1451,3370,2989,1700,3025,,0.491525,0.264550,0.108073,0.976012,0.992586,0.821429,0.679356,0.990833,0.764368,0.675347,0.834395,0.851406,0.451219,0.899247
0.017992,10.818895,1283,1897,1230,2453,3348,2382,2287,3285,3026,1448,3371,2988,1700,3025,,0.491525,0.253968,0.108073,0.971514,0.990732,0.824830,0.674963,0.990833,0.767241,0.670139,0.835669,0.850402,0.451219,0.899247
0.018002,10.836897,1283,1897,1230,2453,3348,2382,2287,3285,3026,1448,3371,2988,1700,3025,,0.491525,0.253968,0.108073,0.971514,0.990732,0.824830,0.674963,0.990833,0.767241,0.670139,0.835669,0.850402,0.451219,0.899247
0.018002,10.854900,1279,1893,1229,2448,3342,2384,2284,3285,3025,1447,3370,2989,1701,3025,,0.483992,0.243386,0.106771,0.964018,0.985171,0.826531,0.670571,0.990833,0.764368,0.668403,0.834395,0.851406,0.452744,0.899247
0.018012,10.872912,1279,1893,1229,2448,3342,2384,2284,3285,3025,1447,3370,2989,1701,3025,,0.483992,0.243386,0.106771,0.964018,0.985171,0.826531,0.670571,0.990833,0.764368,0.668403,0.834395,0.851406,0.452744,0.899247
0.017964,10.890876,1278,1892,1228,2447,3339,2384,2282,3284,3025,1446,3370,2989,1701,3026,,0.482109,0.240741,0.105469,0.962519,0.982391,0.826531,0.667643,0.990000,0.764368,0.666667,0.834395,0.851406,0.452744,0.900188
0.018031,10.908907,1278,1891,1228,2446,3337,2384,2282,3284,3025,1447,3371,2988,1700,3026,,0.482109,0.238095,0.105469,0.961020,0.980538,0.826531,0.667643,0.990000,0.764368,0.668403,0.835669,0.850402,0.451219,0.900188
0.018009,10.926916,1277,1890,1229,2445,3337,2384,2282,3284,3025,1446,3370,2989,1700,3026,,0.480226,0.235450,0.106771,0.959520,0.980538,0.826531,0.667643,0.990000,0.764368,0.666667,0.834395,0.851406,0.451219,0.900188
0.017988,10.944904,1276,1890,1229,2444,3335,2384,2281,3283,3025,1447,3371,2988,1700,3026,,0.478343,0.235450,0.106771,0.958021,0.978684,0.826531,0.666179,0.989167,0.764368,0.668403,0.835669,0.850402,0.451219,0.900188
0.018003,10.962907,1276,1890,1230,2444,3335,2383,2281,3283,3025,1447,3370,2989,1700,3026,,0.478343,0.235450,0.108073,0.958021,0.978684,0.825680,0.666179,0.989167,0.764368,0.668403,0.834395,0.851406,0.451219,0.900188
0.018016,10.980923,1278,1890,1230,2444,3335,2384,2282,3285,3024,1449,3370,2989,1701,3027,,0.482109,0.235450,0.108073,0.958021,0.978684,0.826531,0.667643,0.990833,0.761494,0.671875,0.834395,0.851406,0.452744,0.901130
0.017981,10.998904,1280,1890,1227,2444,3333,2384,2282,3284,3025,1448,3370,2989,1701,3027,,0.485876,0.235450,0.104167,0.958021,0.976830,0.826531,0.667643,0.990000,0.764368,0.670139,0.834395,0.851406,0.452744,0.901130
0.018007,11.016911,1283,1891,1225,2444,3331,2384,2284,3285,3024,1449,3370,2989,1701,3027,,0.491525,0.238095,0.101563,0.958021,0.974977,0.826531,0.670571,0.990833,0.761494,0.671875,0.834395,0.851406,0.452744,0.901130
0.017998,11.034909,1286,1893,1221,2445,3329,2383,2287,3283,3025,1450,3370,2988,1701,3025,,0.497175,0.243386,0.096354,0.959520,0.973123,0.825680,0.674963,0.989167,0.764368,0.673611,0.834395,0.850402,0.452744,0.899247
0.018003,11.052912,1295,1896,1210,2446,3319,2381,2294,3283,3024,1455,3370,2990,1703,3024,,0.514124,0.251323,0.082031,0.961020,0.963855,0.823980,0.685212,0.989167,0.761494,0.682292,0.834395,0.852410,0.455793,0.898305
0.018002,11.070913,1295,1896,1210,2446,3319,2381,2294,3283,3024,1455,3370,2990,1703,3024,,0.514124,0.251323,0.082031,0.961020,0.963855,0.823980,0.685212,0.989167,0.761494,0.682292,0.834395,0.852410,0.455793,0.898305
0.018001,11.088915,1303,1899,1197,2448,3302,2379,2305,3282,3025,1460,3370,2989,1707,3023,,0.529190,0.259259,0.065104,0.964018,0.948100,0.822279,0.701318,0.988333,0.764368,0.690972,0.834395,0.851406,0.461890,0.897363
0.018000,11.106914,1303,1899,1197,2448,3302,2379,2305,3282,3025,1460,3370,2989,1707,3023,,0.529190,0.259259,0.065104,0.964018,0.948100,0.822279,0.701318,0.988333,0.764368,0.690972,0.834395,0.851406,0.461890,0.897363
0.017995,11.124909,1306,1900,1182,2446,3268,2375,2315,3281,3025,1463,3370,2990,1709,3019,,0.534840,0.261905,0.045573,0.961020,0.916589,0.818878,0.715959,0.987500,0.764368,0.696181,0.834395,0.852410,0.464939,0.893597
0.018013,11.142922,1307,1896,1176,2443,3258,2373,2320,3281,3024,1462,3369,2990,1710,3017,,0.536723,0.251323,0.037760,0.956522,0.907322,0.817177,0.723280,0.987500,0.761494,0.694444,0.833121,0.852410,0.466463,0.891714
0.017987,11.160909,1313,1878,1167,2438,3255,2371,2328,3282,3024,1461,3369,2990,1713,3014,,0.548023,0.203704,0.026042,0.949026,0.904541,0.815476,0.734993,0.988333,0.761494,0.692708,0.833121,0.852410,0.471037,0.888889
0.018010,11.178918,1313,1878,1167,2438,3255,2371,2328,3282,3024,1461,3369,2990,1713,3014,,0.548023,0.203704,0.026042,0.949026,0.904541,0.815476,0.734993,0.988333,0.761494,0.692708,0.833121,0.852410,0.471037,0.888889
0.017979,11.196898,1308,1869,1159,2438,3256,2371,2334,3284,3024,1465,3369,2991,1714,3014,,0.538606,0.179894,0.015625,0.949026,0.905468,0.815476,0.743777,0.990000,0.761494,0.699653,0.833121,0.853414,0.472561,0.888889
0.018033,11.214931,1308,1869,1159,2438,3256,2371,2334,3284,3024,1465,3369,2991,1714,3014,,0.538606,0.179894,0.015625,0.949026,0.905468,0.815476,0.743777,0.990000,0.761494,0.699653,0.833121,0.853414,0.472561,0.888889
0.017992,11.232923,1295,1865,1159,2439,3257,2371,2334,3284,3025,1468,3370,2991,1714,3014,,0.514124,0.169312,0.015625,0.950525,0.906395,0.815476,0.743777,0.990000,0.764368,0.704861,0.834395,0.853414,0.472561,0.888889
0.017997,11.250920,1289,1864,1160,2439,3256,2371,2333,3284,3024,1468,3370,2991,1713,3015,,0.502825,0.166667,0.016927,0.950525,0.905468,0.815476,0.742313,0.990000,0.761494,0.704861,0.834395,0.853414,0.471037,0.889831
0.017981,11.268901,1284,1863,1165,2440,3256,2372,2332,3284,3025,1470,3370,2991,1713,3017,,0.493409,0.164021,0.023438,0.952024,0.905468,0.816327,0.740849,0.990000,0.764368,0.708333,0.834395,0.853414,0.471037,0.891714
0.018061,11.286962,1278,1860,1171,2444,3255,2373,2332,3284,3025,1473,3371,2991,1712,3020,,0.482109,0.156085,0.031250,0.958021,0.904541,0.817177,0.740849,0.990000,0.764368,0.713542,0.835669,0.853414,0.469512,0.894539
0.017961,11.304923,1278,1860,1171,2444,3255,2373,2332,3284,3025,1473,3371,2991,1712,3020,,0.482109,0.156085,0.031250,0.958021,0.904541,0.817177,0.740849,0.990000,0.764368,0.713542,0.835669,0.853414,0.469512,0.894539
0.018005,11.322929,1278,1863,1181,2446,3256,2374,2327,3285,3025,1473,3371,2990,1710,3022,,0.482109,0.164021,0.044271,0.961020,0.905468,0.818027,0.733529,0.990833,0.764368,0.713542,0.835669,0.852410,0.466463,0.896422
0.017995,11.340924,1283,1869,1185,2446,3257,2374,2323,3285,3025,1470,3372,2990,1708,3023,,0.491525,0.179894,0.049479,0.961020,0.906395,0.818027,0.727672,0.990833,0.764368,0.708333,0.836943,0.852410,0.463415,0.897363
0.018012,11.358936,1286,1876,1187,2446,3260,2376,2320,3286,3025,1469,3371,2990,1707,3025,,0.497175,0.198413,0.052083,0.961020,0.909175,0.819728,0.723280,0.991667,0.764368,0.706597,0.835669,0.852410,0.461890,0.899247
0.017997,11.376932,1292,1882,1186,2445,3270,2376,2317,3287,3025,1467,3372,2990,1706,3027,,0.508475,0.214286,0.050781,0.959520,0.918443,0.819728,0.718887,0.992500,0.764368,0.703125,0.836943,0.852410,0.460366,0.901130
0.017979,11.394911,1298,1889,1183,2445,3281,2377,2315,3289,3025,1466,3372,2989,1705,3027,,0.519774,0.232804,0.046875,0.959520,0.928638,0.820578,0.715959,0.994167,0.764368,0.701389,0.836943,0.851406,0.458841,0.901130
0.018035,11.412946,1301,1894,1181,2445,3289,2377,2313,3290,3025,1464,3372,2989,1705,3027,,0.525424,0.246032,0.044271,0.959520,0.936052,0.820578,0.713031,0.995000,0.764368,0.697917,0.836943,0.851406,0.458841,0.901130
0.018006,11.430953,1302,1901,1178,2447,3301,2377,2312,3291,3025,1465,3372,2989,1704,3029,,0.527307,0.264550,0.040365,0.962519,0.947173,0.820578,0.711567,0.995833,0.764368,0.699653,0.836943,0.851406,0.457317,0.903013
0.017955,11.448908,1302,1901,1178,2447,3301,2377,2312,3291,3025,1465,3372,2989,1704,3029,,0.527307,0.264550,0.040365,0.962519,0.947173,0.820578,0.711567,0.995833,0.764368,0.699653,0.836943,0.851406,0.457317,0.903013
0.018024,11.466932,1302,1907,1177,2449,3309,2378,2314,3293,3026,1466,3373,2989,1705,3030,,0.527307,0.280423,0.039063,0.965517,0.954588,0.821429,0.714495,0.997500,0.767241,0.701389,0.838217,0.851406,0.458841,0.903955
0.018001,11.484933,1302,1908,1177,2450,3311,2377,2313,3293,3025,1467,3373,2989,1704,3031,,0.527307,0.283069,0.039063,0.967017,0.956441,0.820578,0.713031,0.997500,0.764368,0.703125,0.838217,0.851406,0.457317,0.904896
0.018011,11.502944,1303,1911,1177,2449,3313,2377,2314,3293,3025,1468,3372,2990,1705,3031,,0.529190,0.291005,0.039063,0.965517,0.958295,0.820578,0.714495,0.997500,0.764368,0.704861,0.836943,0.852410,0.458841,0.904896
0.017991,11.520935,1302,1913,1178,2451,3316,2377,2316,3293,3025,1469,3373,2990,1705,3030,,0.527307,0.296296,0.040365,0.968516,0.961075,0.820578,0.717423,0.997500,0.764368,0.706597,0.838217,0.852410,0.458841,0.903955
0.018002,11.538938,1303,1914,1178,2453,3319,2376,2316,3294,3025,1470,3372,2990,1706,3030,,0.529190,0.298942,0.040365,0.971514,0.963855,0.819728,0.717423,0.998333,0.764368,0.708333,0.836943,0.852410,0.460366,0.903955
0.018014,11.556951,1306,1918,1179,2455,3325,2375,2320,3294,3025,1475,3372,2990,1707,3031,,0.534840,0.309524,0.041667,0.974513,0.969416,0.818878,0.723280,0.998333,0.764368,0.717014,0.836943,0.852410,0.461890,0.904896
0.017964,11.574915,1307,1919,1180,2456,3327,2376,2321,3293,3025,1477,3372,2990,1707,3031,,0.536723,0.312169,0.042969,0.976012,0.971270,0.819728,0.724744,0.997500,0.764368,0.720486,0.836943,0.852410,0.461890,0.904896
0.018031,11.592946,1307,1919,1181,2458,3328,2375,2323,3293,3024,1478,3372,2991,1709,3031,,0.536723,0.312169,0.044271,0.979011,0.972196,0.818878,0.727672,0.997500,0.761494,0.722222,0.836943,0.853414,0.464939,0.904896
0.018000,11.610946,1307,1921,1182,2458,3329,2374,2325,3293,3025,1481,3372,2991,1709,3031,,0.536723,0.317460,0.045573,0.979011,0.973123,0.818027,0.730600,0.997500,0.764368,0.727431,0.836943,0.853414,0.464939,0.904896
0.017997,11.628942,1307,1923,1181,2460,3331,2374,2326,3293,3025,1482,3372,2992,1709,3032,,0.536723,0.322751,0.044271,0.982009,0.974977,0.818027,0.732064,0.997500,0.764368,0.729167,0.836943,0.854418,0.464939,0.905838
GloveManager recording started on 11/02/16 at 15:47:52

,,Glove 1,Glove 1,Glove 1,Glove 1,Glove 1,Glove 1,Glove 1,Glove 1,Glove 1,Glove 1,Glove 1,Glove 1,Glove 1,Glove 1,,Glove 1 Scaled,Glove 1 Scaled,Glove 1 Scaled,Glove 1 Scaled,Glove 1 Scaled,Glove 1 Scaled,Glove 1 Scaled,Glove 1 Scaled,Glove 1 Scaled,Glove 1 Scaled,Glove 1 Scaled,Glove 1 Scaled,Glove 1 Scaled,Glove 1 Scaled
delta time (s), absolute time (s),Thumb Near,Thumb Far,Thumb/Index,Index Near,Index Far,Index/Middle,Middle Near,Middle Far,Middle/Ring,Ring Near,Ring Far,Ring/Little,Little Near,Little Far,,Thumb Near,Thumb Far,Thumb/Index,Index Near,Index Far,Index/Middle,Middle Near,Middle Far,Middle/Ring,Ring Near,Ring Far,Ring/Little,Little Near,Little Far
0.017541,0.017541,1292,1898,1184,2461,3310,2356,2287,3290,3020,1452,3367,2999,1707,3029,,0.508475,0.256614,0.048177,0.973294,0.955514,0.802721,0.674963,0.995000,0.750000,0.677083,0.830573,0.861446,0.461890,0.903013
0.017991,0.035532,1291,1898,1184,2461,3310,2356,2288,3290,3020,1453,3368,2998,1706,3028,,0.506591,0.256614,0.048177,0.973294,0.955514,0.802721,0.676428,0.995000,0.750000,0.678819,0.831847,0.860442,0.460366,0.902072
0.017988,0.053520,1291,1897,1185,2461,3310,2356,2287,3290,3020,1453,3367,2998,1706,3029,,0.506591,0.253968,0.049479,0.973294,0.955514,0.802721,0.674963,0.995000,0.750000,0.678819,0.830573,0.860442,0.460366,0.903013
0.018000,0.071520,1292,1897,1185,2461,3311,2356,2288,3290,3020,1451,3367,2998,1712,3029,,0.508475,0.253968,0.049479,0.973294,0.956441,0.802721,0.676428,0.995000,0.750000,0.675347,0.830573,0.860442,0.469512,0.903013
0.018000,0.089520,1292,1897,1185,2461,3311,2356,2288,3290,3020,1451,3367,2998,1712,3029,,0.508475,0.253968,0.049479,0.973294,0.956441,0.802721,0.676428,0.995000,0.750000,0.675347,0.830573,0.860442,0.469512,0.903013
0.017973,0.107493,1291,1897,1184,2461,3310,2355,2288,3290,3020,1452,3367,2998,1706,3028,,0.506591,0.253968,0.048177,0.973294,0.955514,0.801871,0.676428,0.995000,0.750000,0.677083,0.830573,0.860442,0.460366,0.902072
0.018023,0.125516,1292,1898,1184,2461,3311,2355,2288,3291,3021,1452,3367,2999,1706,3029,,0.508475,0.256614,0.048177,0.973294,0.956441,0.801871,0.676428,0.995833,0.752874,0.677083,0.830573,0.861446,0.460366,0.903013
0.018000,0.143516,1292,1897,1185,2461,3311,2356,2288,3289,3020,1452,3368,2998,1707,3029,,0.508475,0.253968,0.049479,0.973294,0.956441,0.802721,0.676428,0.994167,0.750000,0.677083,0.831847,0.860442,0.461890,0.903013
0.018001,0.161517,1292,1898,1183,2461,3310,2356,2288,3290,3020,1452,3368,2998,1706,3029,,0.508475,0.256614,0.046875,0.973294,0.955514,0.802721,0.676428,0.995000,0.750000,0.677083,0.831847,0.860442,0.460366,0.903013
0.018011,0.179528,1292,1898,1184,2461,3310,2356,2289,3290,3021,1452,3367,2998,1706,3029,,0.508475,0.256614,0.048177,0.973294,0.955514,0.802721,0.677892,0.995000,0.752874,0.677083,0.830573,0.860442,0.460366,0.903013
0.017991,0.197519,1291,1898,1185,2461,3311,2356,2287,3290,3020,1452,3368,2998,1707,3029,,0.506591,0.256614,0.049479,0.973294,0.956441,0.802721,0.674963,0.995000,0.750000,0.677083,0.831847,0.860442,0.461890,0.903013
0.018011,0.215530,1292,1898,1185,2460,3311,2356,2288,3290,3020,1452,3368,2998,1707,3029,,0.508475,0.256614,0.049479,0.971810,0.956441,0.802721,0.676428,0.995000,0.750000,0.677083,0.831847,0.860442,0.461890,0.903013
0.017991,0.233521,1292,1899,1185,2461,3311,2355,2288,3290,3020,1452,3367,2998,1707,3029,,0.508475,0.259259,0.049479,0.973294,0.956441,0.801871,0.676428,0.995000,0.750000,0.677083,0.830573,0.860442,0.461890,0.903013
0.018002,0.251523,1292,1899,1185,2462,3311,2356,2289,3290,3020,1452,3368,2998,1707,3028,,0.508475,0.259259,0.049479,0.974777,0.956441,0.802721,0.677892,0.995000,0.750000,0.677083,0.831847,0.860442,0.461890,0.902072
0.018000,0.269523,1292,1899,1185,2462,3311,2356,2289,3290,3020,1452,3368,2998,1707,3028,,0.508475,0.259259,0.049479,0.974777,0.956441,0.802721,0.677892,0.995000,0.750000,0.677083,0.831847,0.860442,0.461890,0.902072
0.018000,0.287523,1293,1899,1184,2461,3312,2356,2288,3291,3021,1451,3367,2998,1707,3028,,0.510358,0.259259,0.048177,0.973294,0.957368,0.802721,0.676428,0.995833,0.752874,0.675347,0.830573,0.860442,0.461890,0.902072
0.018000,0.305523,1293,1898,1185,2461,3312,2355,2288,3290,3021,1454,3368,2998,1706,3028,,0.510358,0.256614,0.049479,0.973294,0.957368,0.801871,0.676428,0.995000,0.752874,0.680556,0.831847,0.860442,0.460366,0.902072
0.018001,0.323525,1292,1899,1185,2461,3313,2356,2289,3290,3021,1454,3367,2999,1707,3029,,0.508475,0.259259,0.049479,0.973294,0.958295,0.802721,0.677892,0.995000,0.752874,0.680556,0.830573,0.861446,0.461890,0.903013
0.018003,0.341528,1292,1898,1185,2461,3312,2356,2289,3290,3021,1454,3367,2998,1707,3029,,0.508475,0.256614,0.049479,0.973294,0.957368,0.802721,0.677892,0.995000,0.752874,0.680556,0.830573,0.860442,0.461890,0.903013
0.017998,0.359526,1293,1900,1185,2462,3313,2356,2288,3290,3021,1453,3368,2998,1707,3029,,0.510358,0.261905,0.049479,0.974777,0.958295,0.802721,0.676428,0.995000,0.752874,0.678819,0.831847,0.860442,0.461890,0.903013
0.017982,0.377508,1293,1899,1184,2462,3314,2356,2288,3291,3020,1453,3367,2999,1707,3029,,0.510358,0.259259,0.048177,0.974777,0.959221,0.802721,0.676428,0.995833,0.750000,0.678819,0.830573,0.861446,0.461890,0.903013
0.018022,0.395530,1293,1899,1185,2462,3313,2355,2289,3291,3020,1452,3367,2998,1707,3028,,0.510358,0.259259,0.049479,0.974777,0.958295,0.801871,0.677892,0.995833,0.750000,0.677083,0.830573,0.860442,0.461890,0.902072
0.018000,0.413530,1293,1899,1184,2461,3314,2356,2289,3291,3020,1453,3368,2998,1707,3029,,0.510358,0.259259,0.048177,0.973294,0.959221,0.802721,0.677892,0.995833,0.750000,0.678819,0.831847,0.860442,0.461890,0.903013
0.018001,0.431531,1292,1898,1185,2462,3313,2357,2289,3290,3020,1453,3367,2998,1707,3030,,0.508475,0.256614,0.049479,0.974777,0.958295,0.803571,0.677892,0.995000,0.750000,0.678819,0.830573,0.860442,0.461890,0.903955
0.018001,0.449532,1293,1899,1184,2462,3314,2356,2289,3291,3021,1453,3367,2998,1707,3028,,0.510358,0.259259,0.048177,0.974777,0.959221,0.802721,0.677892,0.995833,0.752874,0.678819,0.830573,0.860442,0.461890,0.902072
0.018027,0.467560,1293,1899,1185,2462,3314,2356,2289,3291,3021,1453,3367,2999,1706,3029,,0.510358,0.259259,0.049479,0.974777,0.959221,0.802721,0.677892,0.995833,0.752874,0.678819,0.830573,0.861446,0.460366,0.903013
0.017997,0.485557,1293,1899,1185,2462,3313,2357,2289,3290,3020,1453,3368,2999,1707,3029,,0.510358,0.259259,0.049479,0.974777,0.958295,0.803571,0.677892,0.995000,0.750000,0.678819,0.831847,0.861446,0.461890,0.903013
0.017979,0.503536,1293,1900,1185,2462,3313,2356,2289,3290,3021,1452,3367,2998,1706,3029,,0.510358,0.261905,0.049479,0.974777,0.958295,0.802721,0.677892,0.995000,0.752874,0.677083,0.830573,0.860442,0.460366,0.903013
0.017980,0.521515,1293,1900,1185,2461,3313,2357,2289,3291,3020,1453,3368,2998,1707,3029,,0.510358,0.261905,0.049479,0.973294,0.958295,0.803571,0.677892,0.995833,0.750000,0.678819,0.831847,0.860442,0.461890,0.903013
0.018023,0.539538,1293,1900,1184,2463,3313,2357,2290,3291,3021,1453,3368,2998,1707,3029,,0.510358,0.261905,0.048177,0.976261,0.958295,0.803571,0.679356,0.995833,0.752874,0.678819,0.831847,0.860442,0.461890,0.903013
0.017992,0.557530,1293,1900,1184,2461,3314,2357,2289,3290,3021,1453,3368,2999,1707,3029,,0.510358,0.261905,0.048177,0.973294,0.959221,0.803571,0.679356,0.995833,0.752874,0.680556,0.830573,0.860442,0.461890,0.903955
0.018010,0.575539,1293,1900,1184,2462,3314,2356,2289,3291,3020,1453,3368,2998,1707,3029,,0.510358,0.261905,0.048177,0.974777,0.959221,0.802721,0.677892,0.995833,0.750000,0.678819,0.831847,0.860442,0.461890,0.903013
0.018024,0.593563,1293,1900,1184,2461,3315,2357,2290,3290,3020,1454,3367,2998,1707,3029,,0.510358,0.261905,0.048177,0.973294,0.960148,0.803571,0.679356,0.995000,0.750000,0.680556,0.830573,0.860442,0.461890,0.903013
0.017976,0.611539,1294,1900,1184,2462,3315,2357,2291,3291,3020,1454,3367,2998,1706,3029,,0.512241,0.261905,0.048177,0.974777,0.960148,0.803571,0.680820,0.995833,0.750000,0.680556,0.830573,0.860442,0.460366,0.903013
0.018001,0.629541,1294,1901,1185,2462,3316,2357,2291,3291,3020,1454,3367,2998,1707,3030,,0.512241,0.264550,0.049479,0.974777,0.961075,0.803571,0.680820,0.995833,0.750000,0.680556,0.830573,0.860442,0.461890,0.903955
0.018002,0.647543,1294,1901,1185,2463,3317,2357,2292,3291,3020,1455,3368,2998,1707,3030,,0.512241,0.264550,0.049479,0.976261,0.962002,0.803571,0.682284,0.995833,0.750000,0.682292,0.831847,0.860442,0.461890,0.903955
0.018025,0.665568,1295,1902,1185,2464,3318,2358,2293,3291,3020,1456,3368,2998,1708,3031,,0.514124,0.267196,0.049479,0.977745,0.962929,0.804422,0.683748,0.995833,0.750000,0.684028,0.831847,0.860442,0.463415,0.904896
0.017975,0.683543,1296,1902,1185,2464,3317,2357,2293,3291,3021,1456,3367,2998,1708,3030,,0.516008,0.267196,0.049479,0.977745,0.962002,0.803571,0.683748,0.995833,0.752874,0.684028,0.830573,0.860442,0.463415,0.903955
0.018001,0.701545,1295,1902,1184,2464,3317,2357,2294,3291,3020,1458,3367,2998,1708,3030,,0.514124,0.267196,0.048177,0.977745,0.962002,0.803571,0.685212,0.995833,0.750000,0.687500,0.830573,0.860442,0.463415,0.903955
0.018003,0.719548,1296,1903,1184,2465,3318,2357,2295,3291,3021,1459,3368,2998,1708,3030,,0.516008,0.269841,0.048177,0.979228,0.962929,0.803571,0.686676,0.995833,0.752874,0.689236,0.831847,0.860442,0.463415,0.903955
0.018001,0.737549,1297,1904,1184,2466,3319,2358,2296,3291,3021,1459,3367,2998,1709,3031,,0.517891,0.272487,0.048177,0.980712,0.963855,0.804422,0.688141,0.995833,0.752874,0.689236,0.830573,0.860442,0.464939,0.904896
0.018000,0.755549,1297,1905,1184,2466,3320,2359,2298,3291,3020,1460,3368,2999,1709,3030,,0.517891,0.275132,0.048177,0.980712,0.964782,0.805272,0.691069,0.995833,0.750000,0.690972,0.831847,0.861446,0.464939,0.903955
0.018000,0.773549,1296,1904,1183,2466,3319,2358,2298,3292,3021,1461,3367,2999,1709,3031,,0.516008,0.272487,0.046875,0.980712,0.963855,0.804422,0.691069,0.996667,0.752874,0.692708,0.830573,0.861446,0.464939,0.904896
0.018001,0.791550,1297,1905,1183,2466,3320,2358,2299,3291,3020,1462,3369,2999,1709,3032,,0.517891,0.275132,0.046875,0.980712,0.964782,0.804422,0.692533,0.995833,0.750000,0.694444,0.833121,0.861446,0.464939,0.905838
0.018001,0.809552,1298,1906,1184,2467,3321,2359,2300,3292,3020,1462,3367,2998,1709,3031,,0.519774,0.277778,0.048177,0.982196,0.965709,0.805272,0.693997,0.996667,0.750000,0.694444,0.830573,0.860442,0.464939,0.904896
0.018001,0.827553,1297,1906,1182,2467,3322,2359,2301,3291,3021,1464,3368,2999,1710,3031,,0.517891,0.277778,0.045573,0.982196,0.966636,0.805272,0.695461,0.995833,0.752874,0.697917,0.831847,0.861446,0.466463,0.904896
0.017999,0.845552,1298,1908,1182,2467,3322,2359,2301,3292,3020,1462,3367,2998,1709,3032,,0.519774,0.283069,0.045573,0.982196,0.966636,0.805272,0.695461,0.996667,0.750000,0.694444,0.830573,0.860442,0.464939,0.905838
0.017977,0.863530,1298,1909,1181,2467,3322,2360,2303,3292,3021,1464,3368,2999,1711,3032,,0.519774,0.285714,0.044271,0.982196,0.966636,0.806122,0.698389,0.996667,0.752874,0.697917,0.831847,0.861446,0.467988,0.905838
0.018033,0.881563,1298,1909,1181,2467,3322,2360,2303,3292,3021,1464,3368,2999,1711,3032,,0.519774,0.285714,0.044271,0.982196,0.966636,0.806122,0.698389,0.996667,0.752874,0.697917,0.831847,0.861446,0.467988,0.905838
0.018013,0.899576,1298,1909,1179,2467,3322,2360,2304,3293,3020,1464,3369,2999,1710,3031,,0.519774,0.285714,0.041667,0.982196,0.966636,0.806122,0.699854,0.997500,0.750000,0.697917,0.833121,0.861446,0.466463,0.904896
0.017994,0.917569,1299,1911,1178,2467,3322,2360,2304,3293,3021,1464,3368,2998,1710,3032,,0.521657,0.291005,0.040365,0.982196,0.966636,0.806122,0.699854,0.997500,0.752874,0.697917,0.831847,0.860442,0.466463,0.905838
0.017994,0.935563,1299,1912,1179,2468,3321,2361,2305,3293,3021,1465,3369,2998,1711,3032,,0.521657,0.293651,0.041667,0.983680,0.965709,0.806973,0.701318,0.997500,0.752874,0.699653,0.833121,0.860442,0.467988,0.905838
0.017997,0.953560,1300,1911,1179,2468,3321,2361,2305,3293,3021,1465,3368,2999,1711,3032,,0.523540,0.291005,0.041667,0.983680,0.965709,0.806973,0.701318,0.997500,0.752874,0.699653,0.831847,0.861446,0.467988,0.905838
0.018006,0.971566,1300,1912,1178,2467,3321,2360,2305,3293,3020,1464,3368,2998,1711,3031,,0.523540,0.293651,0.040365,0.982196,0.965709,0.806122,0.701318,0.997500,0.750000,0.697917,0.831847,0.860442,0.467988,0.904896
0.017972,0.989538,1301,1913,1178,2468,3320,2361,2305,3293,3021,1465,3368,2998,1711,3031,,0.525424,0.296296,0.040365,0.983680,0.964782,0.806973,0.701318,0.997500,0.752874,0.699653,0.831847,0.860442,0.467988,0.904896
0.018037,1.007575,1300,1913,1177,2468,3321,2361,2306,3293,3021,1466,3367,2998,1711,3032,,0.523540,0.296296,0.039063,0.983680,0.965709,0.806973,0.702782,0.997500,0.752874,0.701389,0.830573,0.860442,0.467988,0.905838
0.017991,1.025566,1301,1913,1176,2467,3320,2361,2306,3293,3020,1464,3368,2998,1711,3032,,0.525424,0.296296,0.037760,0.982196,0.964782,0.806973,0.702782,0.997500,0.750000,0.697917,0.831847,0.860442,0.467988,0.905838
0.018014,1.043581,1301,1914,1176,2468,3319,2361,2306,3293,3021,1466,3368,2998,1710,3032,,0.525424,0.298942,0.037760,0.983680,0.963855,0.806973,0.702782,0.997500,0.752874,0.701389,0.831847,0.860442,0.466463,0.905838
0.017991,1.061571,1301,1914,1176,2468,3320,2361,2306,3293,3021,1465,3368,2997,1710,3031,,0.525424,0.298942,0.037760,0.983680,0.964782,0.806973,0.702782,0.997500,0.752874,0.699653,0.831847,0.859438,0.466463,0.904896
0.018011,1.079582,1301,1913,1176,2468,3320,2361,2305,3293,3021,1466,3368,2999,1710,3031,,0.525424,0.296296,0.037760,0.983680,0.964782,0.806973,0.701318,0.997500,0.752874,0.701389,0.831847,0.861446,0.466463,0.904896
0.017992,1.097573,1302,1914,1176,2468,3319,2362,2306,3294,3022,1465,3368,2998,1711,3032,,0.527307,0.298942,0.037760,0.983680,0.963855,0.807823,0.702782,0.998333,0.755747,0.699653,0.831847,0.860442,0.467988,0.905838
0.017986,1.115559,1301,1914,1176,2468,3319,2361,2306,3294,3021,1465,3369,2998,1711,3031,,0.525424,0.298942,0.037760,0.983680,0.963855,0.806973,0.702782,0.998333,0.752874,0.699653,0.833121,0.860442,0.467988,0.904896
0.018013,1.133572,1301,1914,1176,2468,3320,2361,2305,3293,3021,1466,3368,2998,1711,3032,,0.525424,0.298942,0.037760,0.983680,0.964782,0.806973,0.701318,0.997500,0.752874,0.701389,0.831847,0.860442,0.467988,0.905838
0.017999,1.151571,1301,1914,1175,2468,3320,2362,2306,3294,3021,1465,3367,2998,1710,3031,,0.525424,0.298942,0.036458,0.983680,0.964782,0.807823,0.702782,0.998333,0.752874,0.699653,0.830573,0.860442,0.466463,0.904896
0.018003,1.169574,1302,1915,1175,2468,3320,2361,2306,3294,3021,1465,3368,2998,1711,3032,,0.527307,0.301587,0.036458,0.983680,0.964782,0.806973,0.702782,0.998333,0.752874,0.699653,0.831847,0.860442,0.467988,0.905838
0.018000,1.187575,1302,1915,1175,2468,3319,2361,2307,3293,3020,1465,3368,2998,1712,3032,,0.527307,0.301587,0.036458,0.983680,0.963855,0.806973,0.704246,0.997500,0.750000,0.699653,0.831847,0.860442,0.469512,0.905838
0.018003,1.205578,1302,1916,1175,2469,3320,2361,2306,3293,3021,1465,3369,2998,1711,3031,,0.527307,0.304233,0.036458,0.985163,0.964782,0.806973,0.702782,0.997500,0.752874,0.699653,0.833121,0.860442,0.467988,0.904896
0.017990,1.223568,1302,1916,1175,2468,3320,2362,2307,3293,3021,1466,3369,2998,1711,3032,,0.527307,0.304233,0.036458,0.983680,0.964782,0.807823,0.704246,0.997500,0.752874,0.701389,0.833121,0.860442,0.467988,0.905838
0.018009,1.241577,1302,1915,1174,2468,3319,2362,2307,3295,3021,1466,3368,2998,1711,3032,,0.527307,0.301587,0.035156,0.983680,0.963855,0.807823,0.704246,0.999167,0.752874,0.701389,0.831847,0.860442,0.467988,0.905838
0.017977,1.259554,1302,1915,1175,2469,3320,2362,2307,3294,3020,1466,3368,2998,1711,3032,,0.527307,0.301587,0.036458,0.985163,0.964782,0.807823,0.704246,0.998333,0.750000,0.701389,0.831847,0.860442,0.467988,0.905838
0.018027,1.277581,1302,1916,1174,2468,3320,2361,2308,3294,3021,1467,3368,2997,1711,3032,,0.527307,0.304233,0.035156,0.983680,0.964782,0.806973,0.705710,0.998333,0.752874,0.703125,0.831847,0.859438,0.467988,0.905838
0.017997,1.295578,1301,1915,1174,2468,3320,2362,2307,3294,3020,1467,3368,2999,1711,3032,,0.525424,0.301587,0.035156,0.983680,0.964782,0.807823,0.704246,0.998333,0.750000,0.703125,0.831847,0.861446,0.467988,0.905838
0.018000,1.313578,1301,1915,1174,2468,3320,2362,2307,3294,3020,1467,3368,2999,1711,3032,,0.525424,0.301587,0.035156,0.983680,0.964782,0.807823,0.704246,0.998333,0.750000,0.703125,0.831847,0.861446,0.467988,0.905838
0.018004,1.331582,1303,1917,1175,2469,3320,2363,2307,3294,3022,1466,3368,2999,1712,3032,,0.529190,0.306878,0.036458,0.985163,0.964782,0.808673,0.704246,0.998333,0.755747,0.701389,0.831847,0.861446,0.469512,0.905838
0.017997,1.349579,1302,1915,1174,2468,3318,2362,2306,3294,3021,1465,3368,2999,1711,3032,,0.527307,0.301587,0.035156,0.983680,0.962929,0.807823,0.702782,0.998333,0.752874,0.699653,0.831847,0.861446,0.467988,0.905838
0.017986,1.367565,1303,1914,1174,2468,3317,2362,2306,3294,3021,1465,3368,2999,1711,3032,,0.529190,0.298942,0.035156,0.983680,0.962002,0.807823,0.702782,0.998333,0.752874,0.699653,0.831847,0.861446,0.467988,0.905838
0.018016,1.385581,1305,1912,1173,2467,3314,2362,2303,3294,3021,1462,3368,2998,1710,3031,,0.532957,0.293651,0.033854,0.982196,0.959221,0.807823,0.698389,0.998333,0.752874,0.694444,0.831847,0.860442,0.466463,0.904896
0.018005,1.403586,1306,1909,1172,2465,3310,2362,2301,3292,3021,1461,3368,2998,1710,3030,,0.534840,0.285714,0.032552,0.979228,0.955514,0.807823,0.695461,0.996667,0.752874,0.692708,0.831847,0.860442,0.466463,0.903955
0.018004,1.421590,1307,1907,1173,2463,3307,2362,2299,3292,3020,1459,3368,2998,1710,3030,,0.536723,0.280423,0.033854,0.976261,0.952734,0.807823,0.692533,0.996667,0.750000,0.689236,0.831847,0.860442,0.466463,0.903955
0.018004,1.439595,1306,1904,1172,2463,3305,2362,2299,3292,3021,1460,3367,2998,1710,3029,,0.534840,0.272487,0.032552,0.976261,0.950880,0.807823,0.692533,0.996667,0.752874,0.690972,0.830573,0.860442,0.466463,0.903013
0.017949,1.457544,1307,1901,1170,2461,3298,2362,2298,3292,3021,1457,3367,2997,1709,3029,,0.536723,0.264550,0.029948,0.973294,0.944393,0.807823,0.691069,0.996667,0.752874,0.685764,0.830573,0.859438,0.464939,0.903013
0.018048,1.475592,1307,1901,1170,2461,3298,2362,2298,3292,3021,1457,3367,2997,1709,3029,,0.536723,0.264550,0.029948,0.973294,0.944393,0.807823,0.691069,0.996667,0.752874,0.685764,0.830573,0.859438,0.464939,0.903013
0.018000,1.493592,1308,1897,1168,2459,3289,2362,2297,3292,3021,1456,3368,2998,1710,3027,,0.538606,0.253968,0.027344,0.970326,0.936052,0.807823,0.689605,0.996667,0.752874,0.684028,0.831847,0.860442,0.466463,0.901130
0.017996,1.511588,1308,1894,1167,2457,3284,2364,2296,3291,3021,1455,3367,2999,1711,3027,,0.538606,0.246032,0.026042,0.967359,0.931418,0.809524,0.688141,0.995833,0.752874,0.682292,0.830573,0.861446,0.467988,0.901130
0.018019,1.529607,1310,1892,1165,2457,3278,2364,2297,3291,3020,1455,3367,2998,1710,3027,,0.542373,0.240741,0.023438,0.967359,0.925857,0.809524,0.689605,0.995833,0.750000,0.682292,0.830573,0.860442,0.466463,0.901130
0.017990,1.547597,1310,1889,1162,2455,3274,2365,2296,3291,3021,1455,3368,2999,1711,3027,,0.542373,0.232804,0.019531,0.964392,0.922150,0.810374,0.688141,0.995833,0.752874,0.682292,0.831847,0.861446,0.467988,0.901130
0.018015,1.565613,1310,1888,1159,2453,3271,2366,2296,3291,3021,1451,3368,2998,1711,3027,,0.542373,0.230159,0.015625,0.961424,0.919370,0.811224,0.688141,0.995833,0.752874,0.675347,0.831847,0.860442,0.467988,0.901130
0.017980,1.583592,1310,1885,1157,2452,3265,2367,2295,3291,3021,1451,3368,2999,1710,3027,,0.542373,0.222222,0.013021,0.959941,0.913809,0.812075,0.686676,0.995833,0.752874,0.675347,0.831847,0.861446,0.466463,0.901130
0.018006,1.601598,1311,1886,1156,2452,3264,2367,2295,3290,3021,1449,3367,2998,1710,3027,,0.544256,0.224868,0.011719,0.959941,0.912882,0.812075,0.686676,0.995000,0.752874,0.671875,0.830573,0.860442,0.466463,0.901130
0.018019,1.619617,1310,1884,1154,2451,3263,2367,2294,3291,3020,1448,3368,2997,1710,3027,,0.542373,0.219577,0.009115,0.958457,0.911956,0.812075,0.685212,0.995833,0.750000,0.670139,0.831847,0.859438,0.466463,0.901130
0.017982,1.637599,1311,1885,1153,2451,3262,2368,2294,3291,3021,1449,3368,2998,1710,3027,,0.544256,0.222222,0.007813,0.958457,0.911029,0.812925,0.685212,0.995833,0.752874,0.671875,0.831847,0.860442,0.466463,0.901130
0.018000,1.655599,1310,1885,1153,2451,3263,2367,2294,3291,3020,1448,3367,2998,1709,3027,,0.542373,0.222222,0.007813,0.958457,0.911956,0.812075,0.685212,0.995833,0.750000,0.670139,0.830573,0.860442,0.464939,0.901130
0.017998,1.673597,1311,1885,1152,2451,3263,2368,2293,3291,3020,1448,3368,2998,1708,3028,,0.544256,0.222222,0.006510,0.958457,0.911956,0.812925,0.683748,0.995833,0.750000,0.670139,0.831847,0.860442,0.463415,0.902072
0.018001,1.691597,1311,1886,1152,2452,3264,2369,2293,3291,3020,1448,3367,2998,1708,3027,,0.544256,0.224868,0.006510,0.959941,0.912882,0.813776,0.683748,0.995833,0.750000,0.670139,0.830573,0.860442,0.463415,0.901130
0.018002,1.709600,1312,1889,1153,2452,3265,2369,2294,3292,3020,1449,3368,2998,1709,3028,,0.546139,0.232804,0.007813,0.959941,0.913809,0.813776,0.685212,0.996667,0.750000,0.671875,0.831847,0.860442,0.464939,0.902072
0.018002,1.727602,1312,1892,1152,2452,3268,2370,2293,3292,3021,1447,3368,2998,1708,3027,,0.546139,0.240741,0.006510,0.959941,0.916589,0.814626,0.683748,0.996667,0.752874,0.668403,0.831847,0.860442,0.463415,0.901130
0.017999,1.745601,1311,1892,1151,2452,3270,2369,2292,3292,3020,1449,3368,2998,1708,3027,,0.544256,0.240741,0.005208,0.959941,0.918443,0.813776,0.682284,0.996667,0.750000,0.671875,0.831847,0.860442,0.463415,0.901130
0.018001,1.763602,1312,1894,1152,2453,3269,2370,2291,3293,3020,1448,3368,2999,1708,3028,,0.546139,0.246032,0.006510,0.961424,0.917516,0.814626,0.680820,0.997500,0.750000,0.670139,0.831847,0.861446,0.463415,0.902072
0.018002,1.781604,1312,1895,1151,2453,3270,2370,2292,3292,3021,1448,3369,2998,1708,3027,,0.546139,0.248677,0.005208,0.961424,0.918443,0.814626,0.682284,0.996667,0.752874,0.670139,0.833121,0.860442,0.463415,0.901130
0.018000,1.799604,1312,1895,1150,2452,3272,2370,2291,3293,3020,1447,3368,2997,1708,3027,,0.546139,0.248677,0.003906,0.959941,0.920297,0.814626,0.680820,0.997500,0.750000,0.668403,0.831847,0.859438,0.463415,0.901130
0.018032,1.817636,1313,1897,1150,2453,3272,2370,2292,3293,3021,1447,3368,2999,1708,3027,,0.548023,0.253968,0.003906,0.961424,0.920297,0.814626,0.682284,0.997500,0.752874,0.668403,0.831847,0.861446,0.463415,0.901130
0.017970,1.835606,1313,1897,1150,2453,3273,2370,2291,3293,3021,1447,3368,2998,1708,3027,,0.548023,0.253968,0.003906,0.961424,0.921223,0.814626,0.680820,0.997500,0.752874,0.668403,0.831847,0.860442,0.463415,0.901130
0.017981,1.853587,1314,1898,1149,2453,3274,2371,2290,3294,3021,1446,3368,2998,1708,3026,,0.549906,0.256614,0.002604,0.961424,0.922150,0.815476,0.679356,0.998333,0.752874,0.666667,0.831847,0.860442,0.463415,0.900188
0.018022,1.871609,1314,1900,1150,2453,3276,2370,2291,3294,3021,1446,3367,2998,1708,3026,,0.549906,0.261905,0.003906,0.961424,0.924004,0.814626,0.680820,0.998333,0.752874,0.666667,0.830573,0.860442,0.463415,0.900188
0.018005,1.889614,1313,1902,1151,2454,3278,2370,2291,3294,3022,1446,3368,2998,1708,3027,,0.548023,0.267196,0.005208,0.962908,0.925857,0.814626,0.680820,0.998333,0.755747,0.666667,0.831847,0.860442,0.463415,0.901130
0.018006,1.907620,1314,1902,1151,2455,3279,2370,2290,3294,3021,1447,3368,2998,1707,3026,,0.549906,0.267196,0.005208,0.964392,0.926784,0.814626,0.679356,0.998333,0.752874,0.668403,0.831847,0.860442,0.461890,0.900188
0.017967,1.925587,1313,1903,1151,2454,3279,2370,2290,3294,3020,1445,3368,2997,1706,3026,,0.548023,0.269841,0.005208,0.962908,0.926784,0.814626,0.679356,0.998333,0.750000,0.664931,0.831847,0.859438,0.460366,0.900188
0.018027,1.943614,1313,1903,1151,2454,3279,2370,2290,3294,3020,1445,3368,2997,1706,3026,,0.548023,0.269841,0.005208,0.962908,0.926784,0.814626,0.679356,0.998333,0.750000,0.664931,0.831847,0.859438,0.460366,0.900188
0.018000,1.961614,1313,1903,1151,2454,3280,2370,2289,3295,3021,1446,3368,2998,1707,3026,,0.548023,0.269841,0.005208,0.962908,0.927711,0.814626,0.677892,0.999167,0.752874,0.666667,0.831847,0.860442,0.461890,0.900188
0.018003,1.979616,1311,1903,1152,2454,3280,2370,2289,3294,3021,1446,3368,2998,1707,3026,,0.544256,0.269841,0.006510,0.962908,0.927711,0.814626,0.677892,0.998333,0.752874,0.666667,0.831847,0.860442,0.461890,0.900188
0.017978,1.997595,1313,1904,1152,2454,3280,2370,2289,3295,3021,1445,3368,2998,1706,3025,,0.548023,0.272487,0.006510,0.962908,0.927711,0.814626,0.677892,0.999167,0.752874,0.664931,0.831847,0.860442,0.460366,0.899247
0.018032,2.015627,1313,1904,1151,2454,3281,2370,2289,3294,3021,1446,3368,2998,1707,3026,,0.548023,0.272487,0.005208,0.962908,0.928638,0.814626,0.677892,0.998333,0.752874,0.666667,0.831847,0.860442,0.461890,0.900188
0.017997,2.033624,1314,1905,1152,2454,3281,2369,2289,3295,3021,1446,3367,2997,1706,3026,,0.549906,0.275132,0.006510,0.962908,0.928638,0.813776,0.677892,0.999167,0.752874,0.666667,0.830573,0.859438,0.460366,0.900188
0.018000,2.051624,1313,1904,1151,2455,3281,2369,2288,3295,3022,1445,3367,2997,1706,3026,,0.548023,0.272487,0.005208,0.964392,0.928638,0.813776,0.676428,0.999167,0.755747,0.664931,0.830573,0.859438,0.460366,0.900188
0.017997,2.069621,1313,1906,1152,2455,3282,2370,2289,3294,3020,1445,3368,2997,1706,3026,,0.548023,0.277778,0.006510,0.964392,0.929564,0.814626,0.677892,0.998333,0.750000,0.664931,0.831847,0.859438,0.460366,0.900188
0.018006,2.087627,1313,1906,1152,2455,3282,2370,2289,3294,3020,1445,3368,2997,1706,3026,,0.548023,0.277778,0.006510,0.964392,0.929564,0.814626,0.677892,0.998333,0.750000,0.664931,0.831847,0.859438,0.460366,0.900188
0.017972,2.105599,1313,1905,1151,2455,3283,2370,2289,3296,3021,1444,3368,2997,1707,3026,,0.548023,0.275132,0.005208,0.964392,0.930491,0.814626,0.677892,1.000000,0.752874,0.663194,0.831847,0.859438,0.461890,0.900188
0.018054,2.123653,1312,1906,1152,2455,3283,2370,2290,3294,3021,1446,3368,2998,1707,3027,,0.546139,0.277778,0.006510,0.964392,0.930491,0.814626,0.679356,0.998333,0.752874,0.666667,0.831847,0.860442,0.461890,0.901130
0.017972,2.141625,1312,1905,1152,2456,3284,2369,2289,3295,3021,1446,3368,2997,1706,3026,,0.546139,0.275132,0.006510,0.965875,0.931418,0.813776,0.677892,0.999167,0.752874,0.666667,0.831847,0.859438,0.460366,0.900188
0.018005,2.159630,1312,1906,1151,2455,3284,2369,2289,3295,3021,1445,3368,2997,1707,3027,,0.546139,0.277778,0.005208,0.964392,0.931418,0.813776,0.677892,0.999167,0.752874,0.664931,0.831847,0.859438,0.461890,0.901130
0.017994,2.177624,1311,1906,1151,2455,3284,2369,2290,3296,3021,1445,3368,2997,1706,3026,,0.544256,0.277778,0.005208,0.964392,0.931418,0.813776,0.679356,1.000000,0.752874,0.664931,0.831847,0.859438,0.460366,0.900188
0.017957,2.195582,1311,1907,1152,2456,3285,2370,2290,3296,3021,1445,3369,2997,1707,3026,,0.544256,0.280423,0.006510,0.965875,0.932345,0.814626,0.679356,1.000000,0.752874,0.664931,0.833121,0.859438,0.461890,0.900188
0.018044,2.213625,1311,1907,1152,2455,3285,2369,2290,3295,3021,1445,3368,2998,1706,3027,,0.544256,0.280423,0.006510,0.964392,0.932345,0.813776,0.679356,0.999167,0.752874,0.664931,0.831847,0.860442,0.460366,0.901130
0.018006,2.231632,1311,1907,1152,2455,3287,2370,2290,3296,3021,1445,3368,2997,1706,3027,,0.544256,0.280423,0.006510,0.964392,0.934198,0.814626,0.679356,1.000000,0.752874,0.664931,0.831847,0.859438,0.460366,0.901130
0.017996,2.249628,1310,1907,1152,2455,3286,2370,2290,3296,3021,1445,3368,2997,1706,3027,,0.542373,0.280423,0.006510,0.964392,0.933272,0.814626,0.679356,1.000000,0.752874,0.664931,0.831847,0.859438,0.460366,0.901130
0.018021,2.267649,1310,1907,1152,2456,3287,2370,2290,3296,3022,1445,3368,2997,1707,3027,,0.542373,0.280423,0.006510,0.965875,0.934198,0.814626,0.679356,1.000000,0.755747,0.664931,0.831847,0.859438,0.461890,0.901130
0.017989,2.285638,1311,1908,1152,2456,3288,2370,2290,3296,3021,1445,3368,2998,1706,3026,,0.544256,0.283069,0.006510,0.965875,0.935125,0.814626,0.679356,1.000000,0.752874,0.664931,0.831847,0.860442,0.460366,0.900188
0.018001,2.303639,1311,1908,1152,2456,3288,2370,2290,3296,3021,1445,3368,2998,1706,3026,,0.544256,0.283069,0.006510,0.965875,0.935125,0.814626,0.679356,1.000000,0.752874,0.664931,0.831847,0.860442,0.460366,0.900188
0.018000,2.321639,1310,1909,1152,2456,3289,2369,2289,3296,3021,1444,3368,2997,1706,3026,,0.542373,0.285714,0.006510,0.965875,0.936052,0.813776,0.677892,1.000000,0.752874,0.663194,0.831847,0.859438,0.460366,0.900188
0.017998,2.339637,1310,1910,1152,2455,3290,2370,2290,3297,3021,1445,3368,2997,1707,3026,,0.542373,0.288360,0.006510,0.964392,0.936979,0.814626,0.679356,1.000000,0.752874,0.664931,0.831847,0.859438,0.461890,0.900188
0.017976,2.357613,1310,1910,1151,2456,3290,2370,2290,3296,3021,1445,3368,2997,1706,3026,,0.542373,0.288360,0.005208,0.965875,0.936979,0.814626,0.679356,0.999167,0.752874,0.664931,0.831847,0.859438,0.460366,0.900188
0.018024,2.375637,1310,1909,1152,2456,3290,2370,2290,3296,3021,1445,3367,2997,1706,3026,,0.542373,0.285714,0.006510,0.965875,0.936979,0.814626,0.679356,0.999167,0.752874,0.664931,0.830573,0.859438,0.460366,0.900188
0.018022,2.393659,1309,1910,1152,2455,3291,2370,2290,3296,3021,1444,3368,2997,1708,3026,,0.540490,0.288360,0.006510,0.964392,0.937905,0.814626,0.679356,0.999167,0.752874,0.663194,0.831847,0.859438,0.463415,0.900188
0.017983,2.411642,1309,1909,1152,2456,3292,2370,2291,3297,3020,1446,3368,2997,1708,3025,,0.540490,0.285714,0.006510,0.965875,0.938832,0.814626,0.680820,1.000000,0.750000,0.666667,0.831847,0.859438,0.463415,0.899247
0.018009,2.429651,1310,1911,1152,2456,3292,2370,2291,3297,3021,1445,3367,2997,1708,3024,,0.542373,0.291005,0.006510,0.965875,0.938832,0.814626,0.680820,1.000000,0.752874,0.664931,0.830573,0.859438,0.463415,0.898305
0.017996,2.447647,1308,1909,1151,2456,3292,2370,2291,3296,3020,1446,3367,2998,1709,3024,,0.538606,0.285714,0.005208,0.965875,0.938832,0.814626,0.680820,0.999167,0.750000,0.666667,0.830573,0.860442,0.464939,0.898305
0.017994,2.465641,1309,1910,1152,2457,3293,2370,2293,3296,3020,1448,3367,2998,1717,3022,,0.540490,0.288360,0.006510,0.967359,0.939759,0.814626,0.683748,0.999167,0.750000,0.670139,0.830573,0.860442,0.477134,0.896422
0.018007,2.483648,1308,1909,1151,2456,3294,2370,2295,3296,3020,1451,3365,2999,1711,3021,,0.538606,0.285714,0.005208,0.965875,0.940686,0.814626,0.686676,0.999167,0.750000,0.675347,0.828025,0.861446,0.467988,0.895480
0.017998,2.501645,1308,1909,1151,2457,3294,2370,2298,3296,3020,1452,3365,2999,1713,3019,,0.538606,0.285714,0.005208,0.967359,0.940686,0.814626,0.691069,0.999167,0.750000,0.677083,0.828025,0.861446,0.471037,0.893597
0.018002,2.519647,1307,1909,1151,2458,3294,2371,2301,3295,3020,1456,3365,3000,1716,3016,,0.536723,0.285714,0.005208,0.968843,0.940686,0.815476,0.695461,0.998335,0.750000,0.684028,0.828025,0.862450,0.475610,0.890772
0.017998,2.537646,1308,1909,1151,2459,3295,2371,2303,3295,3019,1457,3365,3001,1720,3013,,0.538606,0.285714,0.005208,0.970326,0.941613,0.815476,0.698389,0.998335,0.747126,0.685764,0.828025,0.863454,0.481707,0.887947
0.018006,2.555652,1307,1908,1150,2459,3297,2369,2310,3293,3018,1464,3362,3002,1724,3007,,0.536723,0.283069,0.003906,0.970326,0.943466,0.813776,0.708638,0.996669,0.744253,0.697917,0.824204,0.864458,0.487805,0.882298
0.017999,2.573651,1307,1909,1149,2460,3297,2369,2312,3293,3019,1465,3361,3003,1725,3005,,0.536723,0.285714,0.002604,0.971810,0.943466,0.813776,0.711567,0.996669,0.747126,0.699653,0.822930,0.865462,0.489329,0.880414
0.017977,2.591628,1306,1909,1149,2460,3298,2369,2314,3292,3018,1466,3360,3002,1727,3003,,0.534840,0.285714,0.002604,0.971810,0.944393,0.813776,0.714495,0.995837,0.744253,0.701389,0.821656,0.864458,0.492378,0.878531
0.018023,2.609652,1306,1909,1148,2459,3299,2369,2315,3292,3018,1466,3361,3002,1728,3002,,0.534840,0.285714,0.001302,0.970326,0.945320,0.813776,0.715959,0.995837,0.744253,0.701389,0.822930,0.864458,0.493902,0.877589
0.018001,2.627653,1306,1909,1148,2459,3300,2368,2318,3292,3018,1467,3360,3003,1729,3001,,0.534840,0.285714,0.001302,0.970326,0.946247,0.812925,0.720351,0.995837,0.744253,0.703125,0.821656,0.865462,0.495427,0.876648
0.018001,2.645654,1306,1909,1148,2460,3300,2368,2320,3292,3017,1468,3360,3003,1729,3000,,0.534840,0.285714,0.001302,0.971810,0.946247,0.812925,0.723280,0.995837,0.741379,0.704861,0.821656,0.865462,0.495427,0.875706
0.018001,2.663655,1306,1910,1148,2460,3301,2367,2322,3291,3017,1468,3359,3003,1731,2999,,0.534840,0.288360,0.001302,0.971810,0.947173,0.812075,0.726208,0.995004,0.741379,0.704861,0.820382,0.865462,0.498476,0.874765
0.017998,2.681653,1306,1910,1148,2460,3301,2367,2322,3291,3017,1468,3359,3003,1731,2999,,0.534840,0.288360,0.001302,0.971810,0.947173,0.812075,0.726208,0.995004,0.741379,0.704861,0.820382,0.865462,0.498476,0.874765
0.018015,2.699668,1306,1910,1147,2461,3301,2367,2324,3290,3017,1469,3358,3002,1730,2997,,0.534840,0.288360,0.000000,0.973294,0.947173,0.812075,0.729136,0.994172,0.741379,0.706597,0.819108,0.864458,0.496951,0.872881
0.018017,2.717684,1307,1911,1148,2461,3301,2366,2324,3290,3017,1468,3358,3002,1731,2997,,0.536723,0.291005,0.001302,0.973294,0.947173,0.811224,0.729136,0.994172,0.741379,0.704861,0.819108,0.864458,0.498476,0.872881
0.017952,2.735636,1306,1910,1147,2461,3302,2366,2326,3289,3017,1468,3358,3003,1731,2995,,0.534840,0.288360,0.000000,0.973294,0.948100,0.811224,0.732064,0.993339,0.741379,0.704861,0.819108,0.865462,0.498476,0.870998
0.018024,2.753660,1306,1910,1147,2461,3302,2366,2326,3289,3017,1468,3358,3003,1731,2995,,0.534840,0.288360,0.000000,0.973294,0.948100,0.811224,0.732064,0.993339,0.741379,0.704861,0.819108,0.865462,0.498476,0.870998
0.018001,2.771662,1307,1912,1147,2462,3302,2366,2327,3288,3017,1469,3357,3003,1733,2990,,0.536723,0.293651,0.000000,0.974777,0.948100,0.811224,0.733529,0.992506,0.741379,0.706597,0.817834,0.865462,0.501524,0.866290
0.018000,2.789662,1307,1912,1147,2462,3302,2366,2327,3288,3017,1469,3357,3003,1733,2990,,0.536723,0.293651,0.000000,0.974777,0.948100,0.811224,0.733529,0.992506,0.741379,0.706597,0.817834,0.865462,0.501524,0.866290
0.017972,2.807634,1307,1911,1146,2462,3302,2365,2328,3289,3016,1471,3356,3004,1736,2985,,0.536723,0.291005,0.000000,0.974777,0.948100,0.810374,0.734993,0.993339,0.738506,0.710069,0.816561,0.866466,0.506098,0.861582
0.018029,2.825663,1306,1911,1147,2462,3302,2365,2329,3289,3016,1474,3355,3005,1737,2983,,0.534840,0.291005,0.001300,0.974777,0.948100,0.810374,0.736457,0.993339,0.738506,0.715278,0.815287,0.867470,0.507622,0.859699
0.017980,2.843643,1306,1911,1147,2463,3303,2365,2331,3290,3016,1478,3355,3005,1739,2980,,0.534840,0.291005,0.001300,0.976261,0.949027,0.810374,0.739385,0.994172,0.738506,0.722222,0.815287,0.867470,0.510671,0.856874
0.018024,2.861667,1306,1911,1147,2463,3303,2365,2331,3290,3016,1479,3355,3005,1741,2979,,0.534840,0.291005,0.001300,0.976261,0.949027,0.810374,0.739385,0.994172,0.738506,0.723958,0.815287,0.867470,0.513719,0.855932
0.018011,2.879678,1306,1911,1148,2463,3304,2365,2331,3291,3017,1480,3354,3006,1738,2979,,0.534840,0.291005,0.002601,0.976261,0.949954,0.810374,0.739385,0.995004,0.741379,0.725694,0.814013,0.868474,0.509146,0.855932
0.017988,2.897666,1306,1910,1147,2462,3303,2364,2327,3291,3016,1473,3353,3005,1736,2979,,0.534840,0.288360,0.001300,0.974777,0.949027,0.809524,0.733529,0.995004,0.738506,0.713542,0.812739,0.867470,0.506098,0.855932
0.018004,2.915670,1305,1909,1147,2462,3303,2365,2326,3291,3016,1472,3354,3004,1735,2979,,0.532957,0.285714,0.001300,0.974777,0.949027,0.810374,0.732064,0.995004,0.738506,0.711806,0.814013,0.866466,0.504573,0.855932
0.017978,2.933647,1305,1910,1147,2462,3303,2365,2325,3292,3016,1472,3354,3005,1741,2979,,0.532957,0.288360,0.001300,0.974777,0.949027,0.810374,0.730600,0.995837,0.738506,0.711806,0.814013,0.867470,0.513719,0.855932
0.018025,2.951672,1305,1909,1147,2462,3303,2364,2325,3291,3016,1471,3354,3005,1741,2979,,0.532957,0.285714,0.001300,0.974777,0.949027,0.809524,0.730600,0.995004,0.738506,0.710069,0.814013,0.867470,0.513719,0.855932
0.017995,2.969667,1305,1909,1147,2461,3304,2364,2324,3291,3015,1470,3353,3004,1741,2979,,0.532957,0.285714,0.001300,0.973294,0.949954,0.809524,0.729136,0.995004,0.735632,0.708333,0.812739,0.866466,0.513719,0.855932
0.018004,2.987671,1304,1909,1148,2462,3304,2365,2324,3291,3016,1469,3354,3004,1734,2978,,0.531073,0.285714,0.002601,0.974777,0.949954,0.810374,0.729136,0.995004,0.738506,0.706597,0.814013,0.866466,0.503049,0.854991
0.018002,3.005673,1305,1910,1149,2462,3303,2365,2324,3291,3016,1469,3354,3005,1734,2979,,0.532957,0.288360,0.003901,0.974777,0.949027,0.810374,0.729136,0.995004,0.738506,0.706597,0.814013,0.867470,0.503049,0.855932
0.018001,3.023675,1305,1909,1149,2462,3303,2365,2324,3292,3017,1470,3354,3004,1735,2979,,0.532957,0.285714,0.003901,0.974777,0.949027,0.810374,0.729136,0.995837,0.741379,0.708333,0.814013,0.866466,0.504573,0.855932
0.018003,3.041677,1305,1910,1148,2462,3304,2365,2324,3292,3017,1470,3354,3005,1734,2978,,0.532957,0.288360,0.002601,0.974777,0.949954,0.810374,0.729136,0.995837,0.741379,0.708333,0.814013,0.867470,0.503049,0.854991
0.018017,3.059694,1304,1910,1148,2462,3304,2365,2322,3292,3017,1468,3354,3005,1733,2979,,0.531073,0.288360,0.002601,0.974777,0.949954,0.810374,0.726208,0.995837,0.741379,0.704861,0.814013,0.867470,0.501524,0.855932
0.017984,3.077678,1305,1910,1148,2462,3304,2365,2321,3292,3017,1468,3354,3004,1733,2978,,0.532957,0.288360,0.002601,0.974777,0.949954,0.810374,0.724744,0.995837,0.741379,0.704861,0.814013,0.866466,0.501524,0.854991
0.017997,3.095675,1305,1910,1149,2462,3304,2365,2320,3292,3017,1466,3353,3004,1732,2979,,0.532957,0.288360,0.003901,0.974777,0.949954,0.810374,0.723280,0.995837,0.741379,0.701389,0.812739,0.866466,0.500000,0.855932
0.018004,3.113679,1305,1910,1148,2462,3304,2365,2319,3293,3016,1466,3354,3004,1731,2979,,0.532957,0.288360,0.002601,0.974777,0.949954,0.810374,0.721816,0.996669,0.738506,0.701389,0.814013,0.866466,0.498476,0.855932
0.017997,3.131675,1304,1909,1148,2460,3305,2364,2318,3293,3016,1466,3354,3004,1731,2979,,0.531073,0.285714,0.002601,0.971810,0.950880,0.809524,0.720351,0.996669,0.738506,0.701389,0.814013,0.866466,0.498476,0.855932
0.018001,3.149676,1304,1909,1148,2461,3305,2364,2318,3293,3016,1466,3353,3004,1730,2980,,0.531073,0.285714,0.002601,0.973294,0.950880,0.809524,0.720351,0.996669,0.738506,0.701389,0.812739,0.866466,0.496951,0.856874
0.018010,3.167686,1304,1909,1148,2460,3304,2365,2317,3294,3017,1463,3354,3004,1730,2979,,0.531073,0.285714,0.002601,0.971810,0.949954,0.810374,0.718887,0.997502,0.741379,0.696181,0.814013,0.866466,0.496951,0.855932
0.017996,3.185682,1304,1910,1148,2461,3305,2365,2316,3294,3016,1463,3354,3004,1729,2980,,0.531073,0.288360,0.002601,0.973294,0.950880,0.810374,0.717423,0.997502,0.738506,0.696181,0.814013,0.866466,0.495427,0.856874
0.017997,3.203679,1304,1909,1148,2460,3305,2364,2316,3295,3017,1464,3354,3003,1729,2980,,0.531073,0.285714,0.002601,0.971810,0.950880,0.809524,0.717423,0.998335,0.741379,0.697917,0.814013,0.865462,0.495427,0.856874
0.018001,3.221680,1304,1909,1149,2460,3304,2365,2316,3294,3017,1462,3354,3004,1729,2980,,0.531073,0.285714,0.003901,0.971810,0.949954,0.810374,0.717423,0.997502,0.741379,0.694444,0.814013,0.866466,0.495427,0.856874
0.018004,3.239684,1305,1909,1148,2460,3305,2365,2315,3294,3017,1462,3354,3004,1736,2980,,0.532957,0.285714,0.002601,0.971810,0.950880,0.810374,0.715959,0.997502,0.741379,0.694444,0.814013,0.866466,0.506098,0.856874
0.018004,3.257688,1304,1908,1148,2460,3305,2364,2314,3295,3017,1462,3354,3004,1736,2980,,0.531073,0.283069,0.002601,0.971810,0.950880,0.809524,0.714495,0.998335,0.741379,0.694444,0.814013,0.866466,0.506098,0.856874
0.017994,3.275683,1303,1908,1148,2460,3306,2365,2314,3295,3017,1462,3354,3005,1728,2980,,0.529190,0.283069,0.002601,0.971810,0.951807,0.810374,0.714495,0.998335,0.741379,0.694444,0.814013,0.867470,0.493902,0.856874
0.018024,3.293707,1303,1909,1148,2459,3306,2364,2313,3295,3017,1460,3354,3004,1728,2980,,0.529190,0.285714,0.002601,0.970326,0.951807,0.809524,0.713031,0.998335,0.741379,0.690972,0.814013,0.866466,0.493902,0.856874
0.017979,3.311686,1303,1908,1148,2459,3306,2364,2313,3295,3017,1460,3354,3003,1728,2980,,0.529190,0.283069,0.002601,0.970326,0.951807,0.809524,0.713031,0.998335,0.741379,0.690972,0.814013,0.865462,0.493902,0.856874
0.018002,3.329688,1303,1908,1148,2459,3305,2365,2311,3295,3017,1459,3354,3004,1726,2981,,0.529190,0.283069,0.002601,0.970326,0.950880,0.810374,0.710102,0.998335,0.741379,0.689236,0.814013,0.866466,0.490854,0.857815
0.017999,3.347687,1303,1909,1148,2459,3306,2364,2311,3296,3017,1459,3354,3004,1726,2980,,0.529190,0.285714,0.002601,0.970326,0.951807,0.809524,0.710102,0.999167,0.741379,0.689236,0.814013,0.866466,0.490854,0.856874
0.018002,3.365689,1303,1909,1148,2459,3306,2364,2311,3296,3017,1459,3354,3004,1726,2980,,0.529190,0.285714,0.002601,0.970326,0.951807,0.809524,0.710102,0.999167,0.741379,0.689236,0.814013,0.866466,0.490854,0.856874
0.018000,3.383689,1304,1909,1148,2459,3306,2365,2310,3296,3016,1458,3354,3004,1726,2980,,0.531073,0.285714,0.002601,0.970326,0.951807,0.810374,0.708638,0.999167,0.738506,0.687500,0.814013,0.866466,0.490854,0.856874
0.018001,3.401690,1304,1909,1148,2459,3306,2365,2310,3296,3016,1458,3354,3004,1726,2980,,0.531073,0.285714,0.002601,0.970326,0.951807,0.810374,0.708638,0.999167,0.738506,0.687500,0.814013,0.866466,0.490854,0.856874
0.018003,3.419694,1302,1908,1149,2459,3305,2365,2310,3296,3017,1457,3354,3004,1727,2980,,0.527307,0.283069,0.003901,0.970326,0.950880,0.810374,0.708638,0.999167,0.741379,0.685764,0.814013,0.866466,0.492378,0.856874
0.018001,3.437694,1302,1908,1148,2458,3306,2364,2310,3297,3016,1458,3355,3004,1727,2980,,0.527307,0.283069,0.002601,0.968843,0.951807,0.809524,0.708638,1.000000,0.738506,0.687500,0.815287,0.866466,0.492378,0.856874
0.017999,3.455694,1303,1909,1149,2459,3305,2365,2309,3296,3017,1459,3354,3003,1728,2980,,0.529190,0.285714,0.003901,0.970326,0.950880,0.810374,0.707174,0.999167,0.741379,0.689236,0.814013,0.865462,0.493902,0.856874
0.017981,3.473674,1303,1909,1149,2459,3306,2366,2309,3296,3016,1458,3354,3003,1727,2980,,0.529190,0.285714,0.003901,0.970326,0.951807,0.811224,0.707174,0.999167,0.738506,0.687500,0.814013,0.865462,0.492378,0.856874
0.018030,3.491704,1302,1908,1148,2458,3306,2365,2308,3297,3017,1455,3354,3003,1725,2980,,0.527307,0.283069,0.002601,0.968843,0.951807,0.810374,0.705710,1.000000,0.741379,0.682292,0.814013,0.865462,0.489329,0.856874
0.017991,3.509695,1301,1907,1149,2458,3306,2364,2306,3297,3016,1455,3354,3002,1725,2980,,0.525424,0.280423,0.003901,0.968843,0.951807,0.809524,0.702782,1.000000,0.738506,0.682292,0.814013,0.864458,0.489329,0.856874
0.018002,3.527697,1302,1908,1149,2457,3305,2364,2306,3298,3017,1454,3354,3003,1725,2980,,0.527307,0.283069,0.003901,0.967359,0.950880,0.809524,0.702782,1.000000,0.741379,0.680556,0.814013,0.865462,0.489329,0.856874
0.018008,3.545705,1302,1907,1148,2457,3305,2364,2306,3297,3017,1454,3354,3003,1725,2980,,0.527307,0.280423,0.002601,0.967359,0.950880,0.809524,0.702782,0.999168,0.741379,0.680556,0.814013,0.865462,0.489329,0.856874
0.018001,3.563706,1301,1907,1148,2458,3307,2365,2306,3298,3017,1454,3354,3004,1724,2981,,0.525424,0.280423,0.002601,0.968843,0.952734,0.810374,0.702782,1.000000,0.741379,0.680556,0.814013,0.866466,0.487805,0.857815
0.017974,3.581680,1301,1907,1150,2457,3306,2364,2304,3299,3017,1454,3354,3003,1724,2981,,0.525424,0.280423,0.005202,0.967359,0.951807,0.809524,0.699854,1.000000,0.741379,0.680556,0.814013,0.865462,0.487805,0.857815
0.018024,3.599704,1301,1906,1149,2458,3306,2364,2304,3298,3017,1453,3353,3003,1724,2981,,0.525424,0.277778,0.003901,0.968843,0.951807,0.809524,0.699854,0.999169,0.741379,0.678819,0.812739,0.865462,0.487805,0.857815
0.018016,3.617720,1301,1907,1149,2457,3307,2365,2305,3298,3017,1453,3354,3003,1723,2981,,0.525424,0.280423,0.003901,0.967359,0.952734,0.810374,0.701318,0.999169,0.741379,0.678819,0.814013,0.865462,0.486281,0.857815
0.017985,3.635704,1301,1907,1150,2457,3306,2365,2303,3298,3016,1453,3354,3003,1724,2981,,0.525424,0.280423,0.005202,0.967359,0.951807,0.810374,0.698389,0.999169,0.738506,0.678819,0.814013,0.865462,0.487805,0.857815
0.018006,3.653711,1302,1907,1148,2457,3305,2365,2303,3298,3017,1453,3354,3003,1723,2980,,0.527307,0.280423,0.002601,0.967359,0.950880,0.810374,0.698389,0.999169,0.741379,0.678819,0.814013,0.865462,0.486281,0.856874
0.017979,3.671690,1302,1906,1148,2457,3306,2364,2303,3299,3017,1452,3354,3003,1723,2981,,0.527307,0.277778,0.002601,0.967359,0.951807,0.809524,0.698389,1.000000,0.741379,0.677083,0.814013,0.865462,0.486281,0.857815
0.018025,3.689714,1302,1908,1149,2457,3306,2364,2303,3297,3017,1452,3354,3003,1723,2981,,0.527307,0.283069,0.003901,0.967359,0.951807,0.809524,0.698389,0.998338,0.741379,0.677083,0.814013,0.865462,0.486281,0.857815
0.017971,3.707686,1302,1908,1149,2457,3306,2364,2303,3297,3017,1452,3354,3003,1723,2981,,0.527307,0.283069,0.003901,0.967359,0.951807,0.809524,0.698389,0.998338,0.741379,0.677083,0.814013,0.865462,0.486281,0.857815
0.018037,3.725722,1301,1906,1149,2456,3305,2365,2302,3299,3017,1451,3354,3002,1722,2981,,0.525424,0.277778,0.003901,0.965875,0.950880,0.810374,0.696925,1.000000,0.741379,0.675347,0.814013,0.864458,0.484756,0.857815
0.018014,3.743737,1302,1908,1149,2457,3306,2365,2302,3298,3017,1450,3354,3003,1723,2981,,0.527307,0.283069,0.003901,0.967359,0.951807,0.810374,0.696925,0.999169,0.741379,0.673611,0.814013,0.865462,0.486281,0.857815
0.017976,3.761712,1300,1906,1149,2456,3305,2364,2302,3298,3017,1450,3354,3002,1722,2981,,0.523540,0.277778,0.003901,0.965875,0.950880,0.809524,0.696925,0.999169,0.741379,0.673611,0.814013,0.864458,0.484756,0.857815
0.018036,3.779748,1302,1907,1149,2457,3306,2364,2300,3298,3017,1450,3354,3003,1722,2981,,0.527307,0.280423,0.003901,0.967359,0.951807,0.809524,0.693997,0.999169,0.741379,0.673611,0.814013,0.865462,0.484756,0.857815
0.017969,3.797718,1302,1906,1149,2456,3306,2365,2301,3298,3017,1451,3354,3002,1721,2982,,0.527307,0.277778,0.003901,0.965875,0.951807,0.810374,0.695461,0.999169,0.741379,0.675347,0.814013,0.864458,0.483232,0.858757
0.018001,3.815719,1302,1907,1150,2456,3306,2365,2301,3299,3017,1451,3353,3003,1722,2982,,0.527307,0.280423,0.005202,0.965875,0.951807,0.810374,0.695461,1.000000,0.741379,0.675347,0.812739,0.865462,0.484756,0.858757
0.018009,3.833728,1302,1907,1149,2457,3306,2364,2302,3298,3017,1452,3354,3003,1721,2983,,0.527307,0.280423,0.003901,0.967359,0.951807,0.809524,0.696925,0.999169,0.741379,0.677083,0.814013,0.865462,0.483232,0.859699
0.017989,3.851717,1302,1907,1149,2457,3306,2364,2302,3298,3017,1452,3354,3003,1721,2983,,0.527307,0.280423,0.003901,0.967359,0.951807,0.809524,0.696925,0.999169,0.741379,0.677083,0.814013,0.865462,0.483232,0.859699
0.018003,3.869721,1302,1907,1149,2458,3306,2365,2304,3299,3017,1451,3354,3004,1722,2984,,0.527307,0.280423,0.003901,0.968843,0.951807,0.810374,0.699854,1.000000,0.741379,0.675347,0.814013,0.866466,0.484756,0.860640
0.018003,3.887724,1302,1907,1149,2458,3306,2365,2305,3299,3017,1451,3355,3003,1722,2985,,0.527307,0.280423,0.003901,0.968843,0.951807,0.810374,0.701318,1.000000,0.741379,0.675347,0.815287,0.865462,0.484756,0.861582
0.017993,3.905716,1302,1907,1150,2458,3307,2365,2305,3300,3017,1451,3355,3003,1723,2984,,0.527307,0.280423,0.005202,0.968843,0.952734,0.810374,0.701318,1.000000,0.741379,0.675347,0.815287,0.865462,0.486281,0.860640
0.018016,3.923732,1302,1908,1149,2458,3307,2365,2305,3300,3017,1452,3355,3004,1723,2983,,0.527307,0.283069,0.003901,0.968843,0.952734,0.810374,0.701318,1.000000,0.741379,0.677083,0.815287,0.866466,0.486281,0.859699
0.017989,3.941721,1302,1908,1149,2458,3307,2365,2307,3300,3017,1451,3355,3004,1724,2985,,0.527307,0.283069,0.003901,0.968843,0.952734,0.810374,0.704246,1.000000,0.741379,0.675347,0.815287,0.866466,0.487805,0.861582
0.018004,3.959725,1302,1908,1150,2459,3308,2365,2307,3300,3017,1452,3355,3004,1724,2984,,0.527307,0.283069,0.005202,0.970326,0.953661,0.810374,0.704246,1.000000,0.741379,0.677083,0.815287,0.866466,0.487805,0.860640
0.018001,3.977726,1301,1907,1149,2458,3306,2365,2307,3301,3017,1452,3355,3004,1724,2984,,0.525424,0.280423,0.003901,0.968843,0.951807,0.810374,0.704246,1.000000,0.741379,0.677083,0.815287,0.866466,0.487805,0.860640
0.018000,3.995727,1300,1908,1149,2458,3307,2365,2306,3300,3018,1452,3355,3003,1723,2984,,0.523540,0.283069,0.003901,0.968843,0.952734,0.810374,0.702782,0.999170,0.744253,0.677083,0.815287,0.865462,0.486281,0.860640
0.018001,4.013727,1301,1908,1149,2458,3308,2365,2307,3301,3018,1452,3354,3004,1724,2984,,0.525424,0.283069,0.003901,0.968843,0.953661,0.810374,0.704246,1.000000,0.744253,0.677083,0.814013,0.866466,0.487805,0.860640
0.018008,4.031735,1302,1909,1149,2459,3308,2365,2307,3303,3017,1454,3354,3004,1724,2984,,0.527307,0.285714,0.003901,0.970326,0.953661,0.810374,0.704246,1.000000,0.741379,0.680556,0.814013,0.866466,0.487805,0.860640
0.017996,4.049731,1302,1909,1149,2459,3308,2365,2307,3303,3017,1454,3354,3004,1724,2984,,0.527307,0.285714,0.003901,0.970326,0.953661,0.810374,0.704246,1.000000,0.741379,0.680556,0.814013,0.866466,0.487805,0.860640
0.017986,4.067717,1301,1909,1150,2459,3308,2366,2308,3302,3017,1454,3355,3004,1725,2984,,0.525424,0.285714,0.005202,0.970326,0.953661,0.811224,0.705710,0.999171,0.741379,0.680556,0.815287,0.866466,0.489329,0.860640
0.018014,4.085731,1302,1909,1149,2459,3308,2366,2308,3303,3018,1453,3355,3003,1724,2984,,0.527307,0.285714,0.003901,0.970326,0.953661,0.811224,0.705710,1.000000,0.744253,0.678819,0.815287,0.865462,0.487805,0.860640
0.018002,4.103733,1301,1909,1148,2459,3309,2365,2308,3303,3017,1452,3354,3004,1724,2984,,0.525424,0.285714,0.002601,0.970326,0.954588,0.810374,0.705710,0.999172,0.741379,0.677083,0.814013,0.866466,0.487805,0.860640
0.018001,4.121734,1301,1908,1149,2459,3309,2365,2307,3304,3018,1454,3355,3004,1725,2983,,0.525424,0.283069,0.003901,0.970326,0.954588,0.810374,0.704246,1.000000,0.744253,0.680556,0.815287,0.866466,0.489329,0.859699
0.018000,4.139733,1302,1909,1149,2458,3309,2365,2307,3304,3018,1452,3354,3003,1723,2984,,0.527307,0.285714,0.003901,0.968843,0.954588,0.810374,0.704246,1.000000,0.744253,0.677083,0.814013,0.865462,0.486281,0.860640
0.017974,4.157707,1301,1909,1149,2458,3309,2366,2307,3304,3017,1452,3355,3005,1724,2984,,0.525424,0.285714,0.003901,0.968843,0.954588,0.811224,0.704246,1.000000,0.741379,0.677083,0.815287,0.867470,0.487805,0.860640
0.018006,4.175713,1302,1909,1149,2457,3309,2366,2306,3304,3017,1450,3355,3003,1723,2983,,0.527307,0.285714,0.003901,0.967359,0.954588,0.811224,0.702782,1.000000,0.741379,0.673611,0.815287,0.865462,0.486281,0.859699
0.018067,4.193779,1301,1908,1149,2457,3308,2366,2305,3304,3018,1451,3355,3002,1722,2983,,0.525424,0.283069,0.003901,0.967359,0.953661,0.811224,0.701318,1.000000,0.744253,0.675347,0.815287,0.864458,0.484756,0.859699
0.017934,4.211713,1301,1909,1148,2457,3309,2366,2304,3304,3017,1450,3355,3003,1723,2984,,0.525424,0.285714,0.002601,0.967359,0.954588,0.811224,0.699854,1.000000,0.741379,0.673611,0.815287,0.865462,0.486281,0.860640
